logical_id,event_datetime,reviewer,event_type,gate,criterion_before,criterion_after,notes,evidence_path
036_ACM,2026-08-15 16:08:46,HB,PROVENIENCIA,A,,E1,Momento reconstruido. Fonte: horario da varredura E1 em lote (registros sem autor e sem DOI). Metodo completo no evento global de 2026-08-16 00:05:00.,
054_ACM,2026-08-15 16:08:46,HB,PROVENIENCIA,A,,E1,Momento reconstruido. Fonte: horario da varredura E1 em lote (registros sem autor e sem DOI). Metodo completo no evento global de 2026-08-16 00:05:00.,
067_ACM,2026-08-15 16:08:46,HB,PROVENIENCIA,A,,E1,Momento reconstruido. Fonte: horario da varredura E1 em lote (registros sem autor e sem DOI). Metodo completo no evento global de 2026-08-16 00:05:00.,
081_ACM,2026-08-15 16:08:46,HB,PROVENIENCIA,A,,E1,Momento reconstruido. Fonte: horario da varredura E1 em lote (registros sem autor e sem DOI). Metodo completo no evento global de 2026-08-16 00:05:00.,
097_ACM,2026-08-15 16:08:46,HB,PROVENIENCIA,A,,E1,Momento reconstruido. Fonte: horario da varredura E1 em lote (registros sem autor e sem DOI). Metodo completo no evento global de 2026-08-16 00:05:00.,
156_ACM,2026-08-15 16:08:46,HB,PROVENIENCIA,A,,E1,Momento reconstruido. Fonte: horario da varredura E1 em lote (registros sem autor e sem DOI). Metodo completo no evento global de 2026-08-16 00:05:00.,
217_ACM,2026-08-15 16:08:46,HB,PROVENIENCIA,A,,E1,Momento reconstruido. Fonte: horario da varredura E1 em lote (registros sem autor e sem DOI). Metodo completo no evento global de 2026-08-16 00:05:00.,
234_ACM,2026-08-15 16:08:46,HB,PROVENIENCIA,A,,E1,Momento reconstruido. Fonte: horario da varredura E1 em lote (registros sem autor e sem DOI). Metodo completo no evento global de 2026-08-16 00:05:00.,
273_ACM,2026-08-15 16:08:46,HB,PROVENIENCIA,A,,E1,Momento reconstruido. Fonte: horario da varredura E1 em lote (registros sem autor e sem DOI). Metodo completo no evento global de 2026-08-16 00:05:00.,
287_ACM,2026-08-15 16:08:46,HB,PROVENIENCIA,A,,E1,Momento reconstruido. Fonte: horario da varredura E1 em lote (registros sem autor e sem DOI). Metodo completo no evento global de 2026-08-16 00:05:00.,
305_ACM,2026-08-15 16:08:46,HB,PROVENIENCIA,A,,E1,Momento reconstruido. Fonte: horario da varredura E1 em lote (registros sem autor e sem DOI). Metodo completo no evento global de 2026-08-16 00:05:00.,
326_ACM,2026-08-15 16:08:46,HB,PROVENIENCIA,A,,E1,Momento reconstruido. Fonte: horario da varredura E1 em lote (registros sem autor e sem DOI). Metodo completo no evento global de 2026-08-16 00:05:00.,
328_ACM,2026-08-15 16:08:46,HB,PROVENIENCIA,A,,E1,Momento reconstruido. Fonte: horario da varredura E1 em lote (registros sem autor e sem DOI). Metodo completo no evento global de 2026-08-16 00:05:00.,
342_ACM,2026-08-15 16:08:46,HB,PROVENIENCIA,A,,E1,Momento reconstruido. Fonte: horario da varredura E1 em lote (registros sem autor e sem DOI). Metodo completo no evento global de 2026-08-16 00:05:00.,
355_ACM,2026-08-15 16:08:46,HB,PROVENIENCIA,A,,E1,Momento reconstruido. Fonte: horario da varredura E1 em lote (registros sem autor e sem DOI). Metodo completo no evento global de 2026-08-16 00:05:00.,
368_ACM,2026-08-15 16:08:46,HB,PROVENIENCIA,A,,E1,Momento reconstruido. Fonte: horario da varredura E1 em lote (registros sem autor e sem DOI). Metodo completo no evento global de 2026-08-16 00:05:00.,
369_ACM,2026-08-15 16:08:46,HB,PROVENIENCIA,A,,E1,Momento reconstruido. Fonte: horario da varredura E1 em lote (registros sem autor e sem DOI). Metodo completo no evento global de 2026-08-16 00:05:00.,
375_ACM,2026-08-15 16:08:46,HB,PROVENIENCIA,A,,E1,Momento reconstruido. Fonte: horario da varredura E1 em lote (registros sem autor e sem DOI). Metodo completo no evento global de 2026-08-16 00:05:00.,
377_ACM,2026-08-15 16:08:46,HB,PROVENIENCIA,A,,E1,Momento reconstruido. Fonte: horario da varredura E1 em lote (registros sem autor e sem DOI). Metodo completo no evento global de 2026-08-16 00:05:00.,
388_ACM,2026-08-15 16:08:46,HB,PROVENIENCIA,A,,E1,Momento reconstruido. Fonte: horario da varredura E1 em lote (registros sem autor e sem DOI). Metodo completo no evento global de 2026-08-16 00:05:00.,
396_ACM,2026-08-15 16:08:46,HB,PROVENIENCIA,A,,E1,Momento reconstruido. Fonte: horario da varredura E1 em lote (registros sem autor e sem DOI). Metodo completo no evento global de 2026-08-16 00:05:00.,
449_ACM,2026-08-15 16:08:46,HB,PROVENIENCIA,A,,E1,Momento reconstruido. Fonte: horario da varredura E1 em lote (registros sem autor e sem DOI). Metodo completo no evento global de 2026-08-16 00:05:00.,
694_IEEE,2026-08-15 16:08:46,HB,PROVENIENCIA,A,,E1,Momento reconstruido. Fonte: horario da varredura E1 em lote (registros sem autor e sem DOI). Metodo completo no evento global de 2026-08-16 00:05:00.,
714_IEEE,2026-08-15 16:08:46,HB,PROVENIENCIA,A,,E1,Momento reconstruido. Fonte: horario da varredura E1 em lote (registros sem autor e sem DOI). Metodo completo no evento global de 2026-08-16 00:05:00.,
741_SCOPUS,2026-08-15 16:08:46,HB,PROVENIENCIA,A,,E1,Momento reconstruido. Fonte: horario da varredura E1 em lote (registros sem autor e sem DOI). Metodo completo no evento global de 2026-08-16 00:05:00.,
745_SCOPUS,2026-08-15 16:08:46,HB,PROVENIENCIA,A,,E1,Momento reconstruido. Fonte: horario da varredura E1 em lote (registros sem autor e sem DOI). Metodo completo no evento global de 2026-08-16 00:05:00.,
767_SCOPUS,2026-08-15 16:08:46,HB,PROVENIENCIA,A,,E1,Momento reconstruido. Fonte: horario da varredura E1 em lote (registros sem autor e sem DOI). Metodo completo no evento global de 2026-08-16 00:05:00.,
776_SCOPUS,2026-08-15 16:08:46,HB,PROVENIENCIA,A,,E1,Momento reconstruido. Fonte: horario da varredura E1 em lote (registros sem autor e sem DOI). Metodo completo no evento global de 2026-08-16 00:05:00.,
777_SCOPUS,2026-08-15 16:08:46,HB,PROVENIENCIA,A,,E1,Momento reconstruido. Fonte: horario da varredura E1 em lote (registros sem autor e sem DOI). Metodo completo no evento global de 2026-08-16 00:05:00.,
785_SCOPUS,2026-08-15 16:08:46,HB,PROVENIENCIA,A,,E1,Momento reconstruido. Fonte: horario da varredura E1 em lote (registros sem autor e sem DOI). Metodo completo no evento global de 2026-08-16 00:05:00.,
786_SCOPUS,2026-08-15 16:08:46,HB,PROVENIENCIA,A,,E1,Momento reconstruido. Fonte: horario da varredura E1 em lote (registros sem autor e sem DOI). Metodo completo no evento global de 2026-08-16 00:05:00.,
800_SCOPUS,2026-08-15 16:08:46,HB,PROVENIENCIA,A,,E1,Momento reconstruido. Fonte: horario da varredura E1 em lote (registros sem autor e sem DOI). Metodo completo no evento global de 2026-08-16 00:05:00.,
805_SCOPUS,2026-08-15 16:08:46,HB,PROVENIENCIA,A,,E1,Momento reconstruido. Fonte: horario da varredura E1 em lote (registros sem autor e sem DOI). Metodo completo no evento global de 2026-08-16 00:05:00.,
824_SCOPUS,2026-08-15 16:08:46,HB,PROVENIENCIA,A,,E1,Momento reconstruido. Fonte: horario da varredura E1 em lote (registros sem autor e sem DOI). Metodo completo no evento global de 2026-08-16 00:05:00.,
827_SCOPUS,2026-08-15 16:08:46,HB,PROVENIENCIA,A,,E1,Momento reconstruido. Fonte: horario da varredura E1 em lote (registros sem autor e sem DOI). Metodo completo no evento global de 2026-08-16 00:05:00.,
831_SCOPUS,2026-08-15 16:08:46,HB,PROVENIENCIA,A,,E1,Momento reconstruido. Fonte: horario da varredura E1 em lote (registros sem autor e sem DOI). Metodo completo no evento global de 2026-08-16 00:05:00.,
834_SCOPUS,2026-08-15 16:08:46,HB,PROVENIENCIA,A,,E1,Momento reconstruido. Fonte: horario da varredura E1 em lote (registros sem autor e sem DOI). Metodo completo no evento global de 2026-08-16 00:05:00.,
835_SCOPUS,2026-08-15 16:08:46,HB,PROVENIENCIA,A,,E1,Momento reconstruido. Fonte: horario da varredura E1 em lote (registros sem autor e sem DOI). Metodo completo no evento global de 2026-08-16 00:05:00.,
847_SCOPUS,2026-08-15 16:08:46,HB,PROVENIENCIA,A,,E1,Momento reconstruido. Fonte: horario da varredura E1 em lote (registros sem autor e sem DOI). Metodo completo no evento global de 2026-08-16 00:05:00.,
862_SCOPUS,2026-08-15 16:08:46,HB,PROVENIENCIA,A,,E1,Momento reconstruido. Fonte: horario da varredura E1 em lote (registros sem autor e sem DOI). Metodo completo no evento global de 2026-08-16 00:05:00.,
885_SCOPUS,2026-08-15 16:08:46,HB,PROVENIENCIA,A,,E1,Momento reconstruido. Fonte: horario da varredura E1 em lote (registros sem autor e sem DOI). Metodo completo no evento global de 2026-08-16 00:05:00.,
919_SCOPUS,2026-08-15 16:08:46,HB,PROVENIENCIA,A,,E1,Momento reconstruido. Fonte: horario da varredura E1 em lote (registros sem autor e sem DOI). Metodo completo no evento global de 2026-08-16 00:05:00.,
920_SCOPUS,2026-08-15 16:08:46,HB,PROVENIENCIA,A,,E1,Momento reconstruido. Fonte: horario da varredura E1 em lote (registros sem autor e sem DOI). Metodo completo no evento global de 2026-08-16 00:05:00.,
928_SCOPUS,2026-08-15 16:08:46,HB,PROVENIENCIA,A,,E1,Momento reconstruido. Fonte: horario da varredura E1 em lote (registros sem autor e sem DOI). Metodo completo no evento global de 2026-08-16 00:05:00.,
967_SCOPUS,2026-08-15 16:08:46,HB,PROVENIENCIA,A,,E1,Momento reconstruido. Fonte: horario da varredura E1 em lote (registros sem autor e sem DOI). Metodo completo no evento global de 2026-08-16 00:05:00.,
973_SCOPUS,2026-08-15 16:08:46,HB,PROVENIENCIA,A,,E1,Momento reconstruido. Fonte: horario da varredura E1 em lote (registros sem autor e sem DOI). Metodo completo no evento global de 2026-08-16 00:05:00.,
979_SCOPUS,2026-08-15 16:08:46,HB,PROVENIENCIA,A,,E1,Momento reconstruido. Fonte: horario da varredura E1 em lote (registros sem autor e sem DOI). Metodo completo no evento global de 2026-08-16 00:05:00.,
002_ACM,2026-08-15 18:25:58,HB,PROVENIENCIA,A,,E3,Momento reconstruido. Fonte: horario da varredura E3 em lote (deduplicacao por DOI e titulo normalizado). Metodo completo no evento global de 2026-08-16 00:05:00.,
003_ACM,2026-08-15 18:25:58,HB,PROVENIENCIA,A,,E3,Momento reconstruido. Fonte: horario da varredura E3 em lote (deduplicacao por DOI e titulo normalizado). Metodo completo no evento global de 2026-08-16 00:05:00.,
004_ACM,2026-08-15 18:25:58,HB,PROVENIENCIA,A,,E3,Momento reconstruido. Fonte: horario da varredura E3 em lote (deduplicacao por DOI e titulo normalizado). Metodo completo no evento global de 2026-08-16 00:05:00.,
005_ACM,2026-08-15 18:25:58,HB,PROVENIENCIA,A,,E3,Momento reconstruido. Fonte: horario da varredura E3 em lote (deduplicacao por DOI e titulo normalizado). Metodo completo no evento global de 2026-08-16 00:05:00.,
011_ACM,2026-08-15 18:25:58,HB,PROVENIENCIA,A,,E3,Momento reconstruido. Fonte: horario da varredura E3 em lote (deduplicacao por DOI e titulo normalizado). Metodo completo no evento global de 2026-08-16 00:05:00.,
028_ACM,2026-08-15 18:25:58,HB,PROVENIENCIA,A,,E3,Momento reconstruido. Fonte: horario da varredura E3 em lote (deduplicacao por DOI e titulo normalizado). Metodo completo no evento global de 2026-08-16 00:05:00.,
032_ACM,2026-08-15 18:25:58,HB,PROVENIENCIA,A,,E3,Momento reconstruido. Fonte: horario da varredura E3 em lote (deduplicacao por DOI e titulo normalizado). Metodo completo no evento global de 2026-08-16 00:05:00.,
057_ACM,2026-08-15 18:25:58,HB,PROVENIENCIA,A,,E3,Momento reconstruido. Fonte: horario da varredura E3 em lote (deduplicacao por DOI e titulo normalizado). Metodo completo no evento global de 2026-08-16 00:05:00.,
060_ACM,2026-08-15 18:25:58,HB,PROVENIENCIA,A,,E3,Momento reconstruido. Fonte: horario da varredura E3 em lote (deduplicacao por DOI e titulo normalizado). Metodo completo no evento global de 2026-08-16 00:05:00.,
068_ACM,2026-08-15 18:25:58,HB,PROVENIENCIA,A,,E3,Momento reconstruido. Fonte: horario da varredura E3 em lote (deduplicacao por DOI e titulo normalizado). Metodo completo no evento global de 2026-08-16 00:05:00.,
092_ACM,2026-08-15 18:25:58,HB,PROVENIENCIA,A,,E3,Momento reconstruido. Fonte: horario da varredura E3 em lote (deduplicacao por DOI e titulo normalizado). Metodo completo no evento global de 2026-08-16 00:05:00.,
093_ACM,2026-08-15 18:25:58,HB,PROVENIENCIA,A,,E3,Momento reconstruido. Fonte: horario da varredura E3 em lote (deduplicacao por DOI e titulo normalizado). Metodo completo no evento global de 2026-08-16 00:05:00.,
102_ACM,2026-08-15 18:25:58,HB,PROVENIENCIA,A,,E3,Momento reconstruido. Fonte: horario da varredura E3 em lote (deduplicacao por DOI e titulo normalizado). Metodo completo no evento global de 2026-08-16 00:05:00.,
131_ACM,2026-08-15 18:25:58,HB,PROVENIENCIA,A,,E3,Momento reconstruido. Fonte: horario da varredura E3 em lote (deduplicacao por DOI e titulo normalizado). Metodo completo no evento global de 2026-08-16 00:05:00.,
134_ACM,2026-08-15 18:25:58,HB,PROVENIENCIA,A,,E3,Momento reconstruido. Fonte: horario da varredura E3 em lote (deduplicacao por DOI e titulo normalizado). Metodo completo no evento global de 2026-08-16 00:05:00.,
158_ACM,2026-08-15 18:25:58,HB,PROVENIENCIA,A,,E3,Momento reconstruido. Fonte: horario da varredura E3 em lote (deduplicacao por DOI e titulo normalizado). Metodo completo no evento global de 2026-08-16 00:05:00.,
165_ACM,2026-08-15 18:25:58,HB,PROVENIENCIA,A,,E3,Momento reconstruido. Fonte: horario da varredura E3 em lote (deduplicacao por DOI e titulo normalizado). Metodo completo no evento global de 2026-08-16 00:05:00.,
178_ACM,2026-08-15 18:25:58,HB,PROVENIENCIA,A,,E3,Momento reconstruido. Fonte: horario da varredura E3 em lote (deduplicacao por DOI e titulo normalizado). Metodo completo no evento global de 2026-08-16 00:05:00.,
193_ACM,2026-08-15 18:25:58,HB,PROVENIENCIA,A,,E3,Momento reconstruido. Fonte: horario da varredura E3 em lote (deduplicacao por DOI e titulo normalizado). Metodo completo no evento global de 2026-08-16 00:05:00.,
210_ACM,2026-08-15 18:25:58,HB,PROVENIENCIA,A,,E3,Momento reconstruido. Fonte: horario da varredura E3 em lote (deduplicacao por DOI e titulo normalizado). Metodo completo no evento global de 2026-08-16 00:05:00.,
216_ACM,2026-08-15 18:25:58,HB,PROVENIENCIA,A,,E3,Momento reconstruido. Fonte: horario da varredura E3 em lote (deduplicacao por DOI e titulo normalizado). Metodo completo no evento global de 2026-08-16 00:05:00.,
235_ACM,2026-08-15 18:25:58,HB,PROVENIENCIA,A,,E3,Momento reconstruido. Fonte: horario da varredura E3 em lote (deduplicacao por DOI e titulo normalizado). Metodo completo no evento global de 2026-08-16 00:05:00.,
260_ACM,2026-08-15 18:25:58,HB,PROVENIENCIA,A,,E3,Momento reconstruido. Fonte: horario da varredura E3 em lote (deduplicacao por DOI e titulo normalizado). Metodo completo no evento global de 2026-08-16 00:05:00.,
455_IEEE,2026-08-15 18:25:58,HB,PROVENIENCIA,A,,E3,Momento reconstruido. Fonte: horario da varredura E3 em lote (deduplicacao por DOI e titulo normalizado). Metodo completo no evento global de 2026-08-16 00:05:00.,
457_IEEE,2026-08-15 18:25:58,HB,PROVENIENCIA,A,,E3,Momento reconstruido. Fonte: horario da varredura E3 em lote (deduplicacao por DOI e titulo normalizado). Metodo completo no evento global de 2026-08-16 00:05:00.,
458_IEEE,2026-08-15 18:25:58,HB,PROVENIENCIA,A,,E3,Momento reconstruido. Fonte: horario da varredura E3 em lote (deduplicacao por DOI e titulo normalizado). Metodo completo no evento global de 2026-08-16 00:05:00.,
459_IEEE,2026-08-15 18:25:58,HB,PROVENIENCIA,A,,E3,Momento reconstruido. Fonte: horario da varredura E3 em lote (deduplicacao por DOI e titulo normalizado). Metodo completo no evento global de 2026-08-16 00:05:00.,
460_IEEE,2026-08-15 18:25:58,HB,PROVENIENCIA,A,,E3,Momento reconstruido. Fonte: horario da varredura E3 em lote (deduplicacao por DOI e titulo normalizado). Metodo completo no evento global de 2026-08-16 00:05:00.,
461_IEEE,2026-08-15 18:25:58,HB,PROVENIENCIA,A,,E3,Momento reconstruido. Fonte: horario da varredura E3 em lote (deduplicacao por DOI e titulo normalizado). Metodo completo no evento global de 2026-08-16 00:05:00.,
462_IEEE,2026-08-15 18:25:58,HB,PROVENIENCIA,A,,E3,Momento reconstruido. Fonte: horario da varredura E3 em lote (deduplicacao por DOI e titulo normalizado). Metodo completo no evento global de 2026-08-16 00:05:00.,
463_IEEE,2026-08-15 18:25:58,HB,PROVENIENCIA,A,,E3,Momento reconstruido. Fonte: horario da varredura E3 em lote (deduplicacao por DOI e titulo normalizado). Metodo completo no evento global de 2026-08-16 00:05:00.,
464_IEEE,2026-08-15 18:25:58,HB,PROVENIENCIA,A,,E3,Momento reconstruido. Fonte: horario da varredura E3 em lote (deduplicacao por DOI e titulo normalizado). Metodo completo no evento global de 2026-08-16 00:05:00.,
465_IEEE,2026-08-15 18:25:58,HB,PROVENIENCIA,A,,E3,Momento reconstruido. Fonte: horario da varredura E3 em lote (deduplicacao por DOI e titulo normalizado). Metodo completo no evento global de 2026-08-16 00:05:00.,
466_IEEE,2026-08-15 18:25:58,HB,PROVENIENCIA,A,,E3,Momento reconstruido. Fonte: horario da varredura E3 em lote (deduplicacao por DOI e titulo normalizado). Metodo completo no evento global de 2026-08-16 00:05:00.,
469_IEEE,2026-08-15 18:25:58,HB,PROVENIENCIA,A,,E3,Momento reconstruido. Fonte: horario da varredura E3 em lote (deduplicacao por DOI e titulo normalizado). Metodo completo no evento global de 2026-08-16 00:05:00.,
470_IEEE,2026-08-15 18:25:58,HB,PROVENIENCIA,A,,E3,Momento reconstruido. Fonte: horario da varredura E3 em lote (deduplicacao por DOI e titulo normalizado). Metodo completo no evento global de 2026-08-16 00:05:00.,
471_IEEE,2026-08-15 18:25:58,HB,PROVENIENCIA,A,,E3,Momento reconstruido. Fonte: horario da varredura E3 em lote (deduplicacao por DOI e titulo normalizado). Metodo completo no evento global de 2026-08-16 00:05:00.,
472_IEEE,2026-08-15 18:25:58,HB,PROVENIENCIA,A,,E3,Momento reconstruido. Fonte: horario da varredura E3 em lote (deduplicacao por DOI e titulo normalizado). Metodo completo no evento global de 2026-08-16 00:05:00.,
473_IEEE,2026-08-15 18:25:58,HB,PROVENIENCIA,A,,E3,Momento reconstruido. Fonte: horario da varredura E3 em lote (deduplicacao por DOI e titulo normalizado). Metodo completo no evento global de 2026-08-16 00:05:00.,
474_IEEE,2026-08-15 18:25:58,HB,PROVENIENCIA,A,,E3,Momento reconstruido. Fonte: horario da varredura E3 em lote (deduplicacao por DOI e titulo normalizado). Metodo completo no evento global de 2026-08-16 00:05:00.,
475_IEEE,2026-08-15 18:25:58,HB,PROVENIENCIA,A,,E3,Momento reconstruido. Fonte: horario da varredura E3 em lote (deduplicacao por DOI e titulo normalizado). Metodo completo no evento global de 2026-08-16 00:05:00.,
476_IEEE,2026-08-15 18:25:58,HB,PROVENIENCIA,A,,E3,Momento reconstruido. Fonte: horario da varredura E3 em lote (deduplicacao por DOI e titulo normalizado). Metodo completo no evento global de 2026-08-16 00:05:00.,
477_IEEE,2026-08-15 18:25:58,HB,PROVENIENCIA,A,,E3,Momento reconstruido. Fonte: horario da varredura E3 em lote (deduplicacao por DOI e titulo normalizado). Metodo completo no evento global de 2026-08-16 00:05:00.,
478_IEEE,2026-08-15 18:25:58,HB,PROVENIENCIA,A,,E3,Momento reconstruido. Fonte: horario da varredura E3 em lote (deduplicacao por DOI e titulo normalizado). Metodo completo no evento global de 2026-08-16 00:05:00.,
479_IEEE,2026-08-15 18:25:58,HB,PROVENIENCIA,A,,E3,Momento reconstruido. Fonte: horario da varredura E3 em lote (deduplicacao por DOI e titulo normalizado). Metodo completo no evento global de 2026-08-16 00:05:00.,
480_IEEE,2026-08-15 18:25:58,HB,PROVENIENCIA,A,,E3,Momento reconstruido. Fonte: horario da varredura E3 em lote (deduplicacao por DOI e titulo normalizado). Metodo completo no evento global de 2026-08-16 00:05:00.,
481_IEEE,2026-08-15 18:25:58,HB,PROVENIENCIA,A,,E3,Momento reconstruido. Fonte: horario da varredura E3 em lote (deduplicacao por DOI e titulo normalizado). Metodo completo no evento global de 2026-08-16 00:05:00.,
482_IEEE,2026-08-15 18:25:58,HB,PROVENIENCIA,A,,E3,Momento reconstruido. Fonte: horario da varredura E3 em lote (deduplicacao por DOI e titulo normalizado). Metodo completo no evento global de 2026-08-16 00:05:00.,
483_IEEE,2026-08-15 18:25:58,HB,PROVENIENCIA,A,,E3,Momento reconstruido. Fonte: horario da varredura E3 em lote (deduplicacao por DOI e titulo normalizado). Metodo completo no evento global de 2026-08-16 00:05:00.,
484_IEEE,2026-08-15 18:25:58,HB,PROVENIENCIA,A,,E3,Momento reconstruido. Fonte: horario da varredura E3 em lote (deduplicacao por DOI e titulo normalizado). Metodo completo no evento global de 2026-08-16 00:05:00.,
485_IEEE,2026-08-15 18:25:58,HB,PROVENIENCIA,A,,E3,Momento reconstruido. Fonte: horario da varredura E3 em lote (deduplicacao por DOI e titulo normalizado). Metodo completo no evento global de 2026-08-16 00:05:00.,
487_IEEE,2026-08-15 18:25:58,HB,PROVENIENCIA,A,,E3,Momento reconstruido. Fonte: horario da varredura E3 em lote (deduplicacao por DOI e titulo normalizado). Metodo completo no evento global de 2026-08-16 00:05:00.,
488_IEEE,2026-08-15 18:25:58,HB,PROVENIENCIA,A,,E3,Momento reconstruido. Fonte: horario da varredura E3 em lote (deduplicacao por DOI e titulo normalizado). Metodo completo no evento global de 2026-08-16 00:05:00.,
489_IEEE,2026-08-15 18:25:58,HB,PROVENIENCIA,A,,E3,Momento reconstruido. Fonte: horario da varredura E3 em lote (deduplicacao por DOI e titulo normalizado). Metodo completo no evento global de 2026-08-16 00:05:00.,
491_IEEE,2026-08-15 18:25:58,HB,PROVENIENCIA,A,,E3,Momento reconstruido. Fonte: horario da varredura E3 em lote (deduplicacao por DOI e titulo normalizado). Metodo completo no evento global de 2026-08-16 00:05:00.,
492_IEEE,2026-08-15 18:25:58,HB,PROVENIENCIA,A,,E3,Momento reconstruido. Fonte: horario da varredura E3 em lote (deduplicacao por DOI e titulo normalizado). Metodo completo no evento global de 2026-08-16 00:05:00.,
497_IEEE,2026-08-15 18:25:58,HB,PROVENIENCIA,A,,E3,Momento reconstruido. Fonte: horario da varredura E3 em lote (deduplicacao por DOI e titulo normalizado). Metodo completo no evento global de 2026-08-16 00:05:00.,
498_IEEE,2026-08-15 18:25:58,HB,PROVENIENCIA,A,,E3,Momento reconstruido. Fonte: horario da varredura E3 em lote (deduplicacao por DOI e titulo normalizado). Metodo completo no evento global de 2026-08-16 00:05:00.,
500_IEEE,2026-08-15 18:25:58,HB,PROVENIENCIA,A,,E3,Momento reconstruido. Fonte: horario da varredura E3 em lote (deduplicacao por DOI e titulo normalizado). Metodo completo no evento global de 2026-08-16 00:05:00.,
502_IEEE,2026-08-15 18:25:58,HB,PROVENIENCIA,A,,E3,Momento reconstruido. Fonte: horario da varredura E3 em lote (deduplicacao por DOI e titulo normalizado). Metodo completo no evento global de 2026-08-16 00:05:00.,
503_IEEE,2026-08-15 18:25:58,HB,PROVENIENCIA,A,,E3,Momento reconstruido. Fonte: horario da varredura E3 em lote (deduplicacao por DOI e titulo normalizado). Metodo completo no evento global de 2026-08-16 00:05:00.,
504_IEEE,2026-08-15 18:25:58,HB,PROVENIENCIA,A,,E3,Momento reconstruido. Fonte: horario da varredura E3 em lote (deduplicacao por DOI e titulo normalizado). Metodo completo no evento global de 2026-08-16 00:05:00.,
505_IEEE,2026-08-15 18:25:58,HB,PROVENIENCIA,A,,E3,Momento reconstruido. Fonte: horario da varredura E3 em lote (deduplicacao por DOI e titulo normalizado). Metodo completo no evento global de 2026-08-16 00:05:00.,
510_IEEE,2026-08-15 18:25:58,HB,PROVENIENCIA,A,,E3,Momento reconstruido. Fonte: horario da varredura E3 em lote (deduplicacao por DOI e titulo normalizado). Metodo completo no evento global de 2026-08-16 00:05:00.,
513_IEEE,2026-08-15 18:25:58,HB,PROVENIENCIA,A,,E3,Momento reconstruido. Fonte: horario da varredura E3 em lote (deduplicacao por DOI e titulo normalizado). Metodo completo no evento global de 2026-08-16 00:05:00.,
515_IEEE,2026-08-15 18:25:58,HB,PROVENIENCIA,A,,E3,Momento reconstruido. Fonte: horario da varredura E3 em lote (deduplicacao por DOI e titulo normalizado). Metodo completo no evento global de 2026-08-16 00:05:00.,
519_IEEE,2026-08-15 18:25:58,HB,PROVENIENCIA,A,,E3,Momento reconstruido. Fonte: horario da varredura E3 em lote (deduplicacao por DOI e titulo normalizado). Metodo completo no evento global de 2026-08-16 00:05:00.,
525_IEEE,2026-08-15 18:25:58,HB,PROVENIENCIA,A,,E3,Momento reconstruido. Fonte: horario da varredura E3 em lote (deduplicacao por DOI e titulo normalizado). Metodo completo no evento global de 2026-08-16 00:05:00.,
529_IEEE,2026-08-15 18:25:58,HB,PROVENIENCIA,A,,E3,Momento reconstruido. Fonte: horario da varredura E3 em lote (deduplicacao por DOI e titulo normalizado). Metodo completo no evento global de 2026-08-16 00:05:00.,
533_IEEE,2026-08-15 18:25:58,HB,PROVENIENCIA,A,,E3,Momento reconstruido. Fonte: horario da varredura E3 em lote (deduplicacao por DOI e titulo normalizado). Metodo completo no evento global de 2026-08-16 00:05:00.,
536_IEEE,2026-08-15 18:25:58,HB,PROVENIENCIA,A,,E3,Momento reconstruido. Fonte: horario da varredura E3 em lote (deduplicacao por DOI e titulo normalizado). Metodo completo no evento global de 2026-08-16 00:05:00.,
537_IEEE,2026-08-15 18:25:58,HB,PROVENIENCIA,A,,E3,Momento reconstruido. Fonte: horario da varredura E3 em lote (deduplicacao por DOI e titulo normalizado). Metodo completo no evento global de 2026-08-16 00:05:00.,
540_IEEE,2026-08-15 18:25:58,HB,PROVENIENCIA,A,,E3,Momento reconstruido. Fonte: horario da varredura E3 em lote (deduplicacao por DOI e titulo normalizado). Metodo completo no evento global de 2026-08-16 00:05:00.,
545_IEEE,2026-08-15 18:25:58,HB,PROVENIENCIA,A,,E3,Momento reconstruido. Fonte: horario da varredura E3 em lote (deduplicacao por DOI e titulo normalizado). Metodo completo no evento global de 2026-08-16 00:05:00.,
547_IEEE,2026-08-15 18:25:58,HB,PROVENIENCIA,A,,E3,Momento reconstruido. Fonte: horario da varredura E3 em lote (deduplicacao por DOI e titulo normalizado). Metodo completo no evento global de 2026-08-16 00:05:00.,
548_IEEE,2026-08-15 18:25:58,HB,PROVENIENCIA,A,,E3,Momento reconstruido. Fonte: horario da varredura E3 em lote (deduplicacao por DOI e titulo normalizado). Metodo completo no evento global de 2026-08-16 00:05:00.,
555_IEEE,2026-08-15 18:25:58,HB,PROVENIENCIA,A,,E3,Momento reconstruido. Fonte: horario da varredura E3 em lote (deduplicacao por DOI e titulo normalizado). Metodo completo no evento global de 2026-08-16 00:05:00.,
558_IEEE,2026-08-15 18:25:58,HB,PROVENIENCIA,A,,E3,Momento reconstruido. Fonte: horario da varredura E3 em lote (deduplicacao por DOI e titulo normalizado). Metodo completo no evento global de 2026-08-16 00:05:00.,
572_IEEE,2026-08-15 18:25:58,HB,PROVENIENCIA,A,,E3,Momento reconstruido. Fonte: horario da varredura E3 em lote (deduplicacao por DOI e titulo normalizado). Metodo completo no evento global de 2026-08-16 00:05:00.,
584_IEEE,2026-08-15 18:25:58,HB,PROVENIENCIA,A,,E3,Momento reconstruido. Fonte: horario da varredura E3 em lote (deduplicacao por DOI e titulo normalizado). Metodo completo no evento global de 2026-08-16 00:05:00.,
586_IEEE,2026-08-15 18:25:58,HB,PROVENIENCIA,A,,E3,Momento reconstruido. Fonte: horario da varredura E3 em lote (deduplicacao por DOI e titulo normalizado). Metodo completo no evento global de 2026-08-16 00:05:00.,
589_IEEE,2026-08-15 18:25:58,HB,PROVENIENCIA,A,,E3,Momento reconstruido. Fonte: horario da varredura E3 em lote (deduplicacao por DOI e titulo normalizado). Metodo completo no evento global de 2026-08-16 00:05:00.,
590_IEEE,2026-08-15 18:25:58,HB,PROVENIENCIA,A,,E3,Momento reconstruido. Fonte: horario da varredura E3 em lote (deduplicacao por DOI e titulo normalizado). Metodo completo no evento global de 2026-08-16 00:05:00.,
592_IEEE,2026-08-15 18:25:58,HB,PROVENIENCIA,A,,E3,Momento reconstruido. Fonte: horario da varredura E3 em lote (deduplicacao por DOI e titulo normalizado). Metodo completo no evento global de 2026-08-16 00:05:00.,
594_IEEE,2026-08-15 18:25:58,HB,PROVENIENCIA,A,,E3,Momento reconstruido. Fonte: horario da varredura E3 em lote (deduplicacao por DOI e titulo normalizado). Metodo completo no evento global de 2026-08-16 00:05:00.,
600_IEEE,2026-08-15 18:25:58,HB,PROVENIENCIA,A,,E3,Momento reconstruido. Fonte: horario da varredura E3 em lote (deduplicacao por DOI e titulo normalizado). Metodo completo no evento global de 2026-08-16 00:05:00.,
603_IEEE,2026-08-15 18:25:58,HB,PROVENIENCIA,A,,E3,Momento reconstruido. Fonte: horario da varredura E3 em lote (deduplicacao por DOI e titulo normalizado). Metodo completo no evento global de 2026-08-16 00:05:00.,
619_IEEE,2026-08-15 18:25:58,HB,PROVENIENCIA,A,,E3,Momento reconstruido. Fonte: horario da varredura E3 em lote (deduplicacao por DOI e titulo normalizado). Metodo completo no evento global de 2026-08-16 00:05:00.,
628_IEEE,2026-08-15 18:25:58,HB,PROVENIENCIA,A,,E3,Momento reconstruido. Fonte: horario da varredura E3 em lote (deduplicacao por DOI e titulo normalizado). Metodo completo no evento global de 2026-08-16 00:05:00.,
630_IEEE,2026-08-15 18:25:58,HB,PROVENIENCIA,A,,E3,Momento reconstruido. Fonte: horario da varredura E3 em lote (deduplicacao por DOI e titulo normalizado). Metodo completo no evento global de 2026-08-16 00:05:00.,
650_IEEE,2026-08-15 18:25:58,HB,PROVENIENCIA,A,,E3,Momento reconstruido. Fonte: horario da varredura E3 em lote (deduplicacao por DOI e titulo normalizado). Metodo completo no evento global de 2026-08-16 00:05:00.,
669_IEEE,2026-08-15 18:25:58,HB,PROVENIENCIA,A,,E3,Momento reconstruido. Fonte: horario da varredura E3 em lote (deduplicacao por DOI e titulo normalizado). Metodo completo no evento global de 2026-08-16 00:05:00.,
673_IEEE,2026-08-15 18:25:58,HB,PROVENIENCIA,A,,E3,Momento reconstruido. Fonte: horario da varredura E3 em lote (deduplicacao por DOI e titulo normalizado). Metodo completo no evento global de 2026-08-16 00:05:00.,
675_IEEE,2026-08-15 18:25:58,HB,PROVENIENCIA,A,,E3,Momento reconstruido. Fonte: horario da varredura E3 em lote (deduplicacao por DOI e titulo normalizado). Metodo completo no evento global de 2026-08-16 00:05:00.,
692_IEEE,2026-08-15 18:25:58,HB,PROVENIENCIA,A,,E3,Momento reconstruido. Fonte: horario da varredura E3 em lote (deduplicacao por DOI e titulo normalizado). Metodo completo no evento global de 2026-08-16 00:05:00.,
695_IEEE,2026-08-15 18:25:58,HB,PROVENIENCIA,A,,E3,Momento reconstruido. Fonte: horario da varredura E3 em lote (deduplicacao por DOI e titulo normalizado). Metodo completo no evento global de 2026-08-16 00:05:00.,
698_IEEE,2026-08-15 18:25:58,HB,PROVENIENCIA,A,,E3,Momento reconstruido. Fonte: horario da varredura E3 em lote (deduplicacao por DOI e titulo normalizado). Metodo completo no evento global de 2026-08-16 00:05:00.,
705_IEEE,2026-08-15 18:25:58,HB,PROVENIENCIA,A,,E3,Momento reconstruido. Fonte: horario da varredura E3 em lote (deduplicacao por DOI e titulo normalizado). Metodo completo no evento global de 2026-08-16 00:05:00.,
710_IEEE,2026-08-15 18:25:58,HB,PROVENIENCIA,A,,E3,Momento reconstruido. Fonte: horario da varredura E3 em lote (deduplicacao por DOI e titulo normalizado). Metodo completo no evento global de 2026-08-16 00:05:00.,
725_IEEE,2026-08-15 18:25:58,HB,PROVENIENCIA,A,,E3,Momento reconstruido. Fonte: horario da varredura E3 em lote (deduplicacao por DOI e titulo normalizado). Metodo completo no evento global de 2026-08-16 00:05:00.,
747_SCOPUS,2026-08-15 18:25:58,HB,PROVENIENCIA,A,,E3,Momento reconstruido. Fonte: horario da varredura E3 em lote (deduplicacao por DOI e titulo normalizado). Metodo completo no evento global de 2026-08-16 00:05:00.,
793_SCOPUS,2026-08-15 18:25:58,HB,PROVENIENCIA,A,,E3,Momento reconstruido. Fonte: horario da varredura E3 em lote (deduplicacao por DOI e titulo normalizado). Metodo completo no evento global de 2026-08-16 00:05:00.,
836_SCOPUS,2026-08-15 18:25:58,HB,PROVENIENCIA,A,,E3,Momento reconstruido. Fonte: horario da varredura E3 em lote (deduplicacao por DOI e titulo normalizado). Metodo completo no evento global de 2026-08-16 00:05:00.,
850_SCOPUS,2026-08-15 18:25:58,HB,PROVENIENCIA,A,,E3,Momento reconstruido. Fonte: horario da varredura E3 em lote (deduplicacao por DOI e titulo normalizado). Metodo completo no evento global de 2026-08-16 00:05:00.,
232_ACM,2026-08-15 21:43:22,HB,PROVENIENCIA,A,,E1,"Momento reconstruido. Fonte: escrita datada no transcript, com ID literal e validada pela janela dos snapshots. Metodo completo no evento global de 2026-08-16 00:05:00.",
245_ACM,2026-08-15 21:43:22,HB,PROVENIENCIA,A,,E1,"Momento reconstruido. Fonte: escrita datada no transcript, com ID literal e validada pela janela dos snapshots. Metodo completo no evento global de 2026-08-16 00:05:00.",
286_ACM,2026-08-15 21:43:22,HB,PROVENIENCIA,A,,E1,"Momento reconstruido. Fonte: escrita datada no transcript, com ID literal e validada pela janela dos snapshots. Metodo completo no evento global de 2026-08-16 00:05:00.",
359_ACM,2026-08-15 21:43:22,HB,PROVENIENCIA,A,,E1,"Momento reconstruido. Fonte: escrita datada no transcript, com ID literal e validada pela janela dos snapshots. Metodo completo no evento global de 2026-08-16 00:05:00.",
420_ACM,2026-08-15 21:43:22,HB,PROVENIENCIA,A,,E1,"Momento reconstruido. Fonte: escrita datada no transcript, com ID literal e validada pela janela dos snapshots. Metodo completo no evento global de 2026-08-16 00:05:00.",
542_IEEE,2026-08-15 21:43:22,HB,PROVENIENCIA,A,,E1,"Momento reconstruido. Fonte: escrita datada no transcript, com ID literal e validada pela janela dos snapshots. Metodo completo no evento global de 2026-08-16 00:05:00.",
711_IEEE,2026-08-15 21:43:22,HB,PROVENIENCIA,A,,E1,"Momento reconstruido. Fonte: escrita datada no transcript, com ID literal e validada pela janela dos snapshots. Metodo completo no evento global de 2026-08-16 00:05:00.",
723_IEEE,2026-08-15 21:43:22,HB,PROVENIENCIA,A,,E1,"Momento reconstruido. Fonte: escrita datada no transcript, com ID literal e validada pela janela dos snapshots. Metodo completo no evento global de 2026-08-16 00:05:00.",
752_SCOPUS,2026-08-15 21:43:22,HB,PROVENIENCIA,A,,E2,"Momento reconstruido. Fonte: escrita datada no transcript, com ID literal e validada pela janela dos snapshots. Metodo completo no evento global de 2026-08-16 00:05:00.",
960_SCOPUS,2026-08-15 21:43:22,HB,ADIAMENTO,A, , ,"Decisao adiada para o texto completo. A Scopus classifica o registro como ""Note"", tipo que pode ou nao corresponder a relato cientifico completo (A2/E1). O metadado sozinho nao decide, e a regra de ouro 1 manda reter em caso de duvida. Verificar na obtencao do PDF.",
021_ACM,2026-08-15 21:49:13,HB,PROVENIENCIA,A,,E2,"Momento reconstruido. Fonte: escrita datada no transcript, com ID literal e validada pela janela dos snapshots. Metodo completo no evento global de 2026-08-16 00:05:00.",
031_ACM,2026-08-15 21:49:13,HB,PROVENIENCIA,A,,E2,"Momento reconstruido. Fonte: escrita datada no transcript, com ID literal e validada pela janela dos snapshots. Metodo completo no evento global de 2026-08-16 00:05:00.",
045_ACM,2026-08-15 21:49:13,HB,PROVENIENCIA,A,,E2,"Momento reconstruido. Fonte: escrita datada no transcript, com ID literal e validada pela janela dos snapshots. Metodo completo no evento global de 2026-08-16 00:05:00.",
048_ACM,2026-08-15 21:49:13,HB,PROVENIENCIA,A,,E2,"Momento reconstruido. Fonte: escrita datada no transcript, com ID literal e validada pela janela dos snapshots. Metodo completo no evento global de 2026-08-16 00:05:00.",
056_ACM,2026-08-15 21:49:13,HB,PROVENIENCIA,A,,E2,"Momento reconstruido. Fonte: escrita datada no transcript, com ID literal e validada pela janela dos snapshots. Metodo completo no evento global de 2026-08-16 00:05:00.",
058_ACM,2026-08-15 21:49:13,HB,PROVENIENCIA,A,,E2,"Momento reconstruido. Fonte: escrita datada no transcript, com ID literal e validada pela janela dos snapshots. Metodo completo no evento global de 2026-08-16 00:05:00.",
063_ACM,2026-08-15 21:49:13,HB,PROVENIENCIA,A,,E2,"Momento reconstruido. Fonte: escrita datada no transcript, com ID literal e validada pela janela dos snapshots. Metodo completo no evento global de 2026-08-16 00:05:00.",
076_ACM,2026-08-15 21:49:13,HB,PROVENIENCIA,A,,E2,"Momento reconstruido. Fonte: escrita datada no transcript, com ID literal e validada pela janela dos snapshots. Metodo completo no evento global de 2026-08-16 00:05:00.",
110_ACM,2026-08-15 21:49:13,HB,PROVENIENCIA,A,,E2,"Momento reconstruido. Fonte: escrita datada no transcript, com ID literal e validada pela janela dos snapshots. Metodo completo no evento global de 2026-08-16 00:05:00.",
127_ACM,2026-08-15 21:49:13,HB,PROVENIENCIA,A,,E2,"Momento reconstruido. Fonte: escrita datada no transcript, com ID literal e validada pela janela dos snapshots. Metodo completo no evento global de 2026-08-16 00:05:00.",
179_ACM,2026-08-15 21:49:13,HB,PROVENIENCIA,A,,E2,"Momento reconstruido. Fonte: escrita datada no transcript, com ID literal e validada pela janela dos snapshots. Metodo completo no evento global de 2026-08-16 00:05:00.",
229_ACM,2026-08-15 21:49:13,HB,PROVENIENCIA,A,,E2,"Momento reconstruido. Fonte: escrita datada no transcript, com ID literal e validada pela janela dos snapshots. Metodo completo no evento global de 2026-08-16 00:05:00.",
238_ACM,2026-08-15 21:49:13,HB,PROVENIENCIA,A,,E2,"Momento reconstruido. Fonte: escrita datada no transcript, com ID literal e validada pela janela dos snapshots. Metodo completo no evento global de 2026-08-16 00:05:00.",
322_ACM,2026-08-15 21:49:13,HB,PROVENIENCIA,A,,E2,"Momento reconstruido. Fonte: escrita datada no transcript, com ID literal e validada pela janela dos snapshots. Metodo completo no evento global de 2026-08-16 00:05:00.",
341_ACM,2026-08-15 21:49:13,HB,PROVENIENCIA,A,,E2,"Momento reconstruido. Fonte: escrita datada no transcript, com ID literal e validada pela janela dos snapshots. Metodo completo no evento global de 2026-08-16 00:05:00.",
401_ACM,2026-08-15 21:49:13,HB,PROVENIENCIA,A,,E2,"Momento reconstruido. Fonte: escrita datada no transcript, com ID literal e validada pela janela dos snapshots. Metodo completo no evento global de 2026-08-16 00:05:00.",
544_IEEE,2026-08-15 21:49:13,HB,PROVENIENCIA,A,,E2,"Momento reconstruido. Fonte: escrita datada no transcript, com ID literal e validada pela janela dos snapshots. Metodo completo no evento global de 2026-08-16 00:05:00.",
549_IEEE,2026-08-15 21:49:13,HB,PROVENIENCIA,A,,E2,"Momento reconstruido. Fonte: escrita datada no transcript, com ID literal e validada pela janela dos snapshots. Metodo completo no evento global de 2026-08-16 00:05:00.",
598_IEEE,2026-08-15 21:49:13,HB,PROVENIENCIA,A,,E2,"Momento reconstruido. Fonte: escrita datada no transcript, com ID literal e validada pela janela dos snapshots. Metodo completo no evento global de 2026-08-16 00:05:00.",
610_IEEE,2026-08-15 21:49:13,HB,PROVENIENCIA,A,,E2,"Momento reconstruido. Fonte: escrita datada no transcript, com ID literal e validada pela janela dos snapshots. Metodo completo no evento global de 2026-08-16 00:05:00.",
645_IEEE,2026-08-15 21:49:13,HB,PROVENIENCIA,A,,E2,"Momento reconstruido. Fonte: escrita datada no transcript, com ID literal e validada pela janela dos snapshots. Metodo completo no evento global de 2026-08-16 00:05:00.",
658_IEEE,2026-08-15 21:49:13,HB,PROVENIENCIA,A,,E2,"Momento reconstruido. Fonte: escrita datada no transcript, com ID literal e validada pela janela dos snapshots. Metodo completo no evento global de 2026-08-16 00:05:00.",
670_IEEE,2026-08-15 21:49:13,HB,PROVENIENCIA,A,,E2,"Momento reconstruido. Fonte: escrita datada no transcript, com ID literal e validada pela janela dos snapshots. Metodo completo no evento global de 2026-08-16 00:05:00.",
671_IEEE,2026-08-15 21:49:13,HB,PROVENIENCIA,A,,E2,"Momento reconstruido. Fonte: escrita datada no transcript, com ID literal e validada pela janela dos snapshots. Metodo completo no evento global de 2026-08-16 00:05:00.",
727_IEEE,2026-08-15 21:49:13,HB,PROVENIENCIA,A,,E2,"Momento reconstruido. Fonte: escrita datada no transcript, com ID literal e validada pela janela dos snapshots. Metodo completo no evento global de 2026-08-16 00:05:00.",
728_IEEE,2026-08-15 21:49:13,HB,PROVENIENCIA,A,,E2,"Momento reconstruido. Fonte: escrita datada no transcript, com ID literal e validada pela janela dos snapshots. Metodo completo no evento global de 2026-08-16 00:05:00.",
766_SCOPUS,2026-08-15 21:49:13,HB,PROVENIENCIA,A,,E2,"Momento reconstruido. Fonte: escrita datada no transcript, com ID literal e validada pela janela dos snapshots. Metodo completo no evento global de 2026-08-16 00:05:00.",
780_SCOPUS,2026-08-15 21:49:13,HB,PROVENIENCIA,A,,E2,"Momento reconstruido. Fonte: escrita datada no transcript, com ID literal e validada pela janela dos snapshots. Metodo completo no evento global de 2026-08-16 00:05:00.",
*,2026-08-15 22:03:19,HB,INTERPRETACAO_PROTOCOLO,A, , ,"Clausula de extensao do intervalo considerada e julgada inaplicavel. A extensao so se aciona se houver estudo ELEGIVEL anterior a 2022. Dos 25 registros pre-2022 excluidos por E4, o unico que emprega tecnologia de modelos de linguagem e 642_IEEE (metodos Transformer), mas em tarefa de autoetiquetagem de sentencas conversacionais curtas, sem producao, transformacao ou avaliacao de conteudo UML. Nenhum estudo elegivel anterior a 2022 foi encontrado, logo o intervalo permanece.",protocol/appendix_two_layer_mapping_protocol_v1_7.tex l. 192
192_ACM,2026-08-15 22:03:19,HB,PROVENIENCIA,A,,E4,"Momento reconstruido. Fonte: escrita datada no transcript, com ID literal e validada pela janela dos snapshots. Metodo completo no evento global de 2026-08-16 00:05:00.",
281_ACM,2026-08-15 22:03:19,HB,PROVENIENCIA,A,,E4,"Momento reconstruido. Fonte: escrita datada no transcript, com ID literal e validada pela janela dos snapshots. Metodo completo no evento global de 2026-08-16 00:05:00.",
296_ACM,2026-08-15 22:03:19,HB,PROVENIENCIA,A,,E4,"Momento reconstruido. Fonte: escrita datada no transcript, com ID literal e validada pela janela dos snapshots. Metodo completo no evento global de 2026-08-16 00:05:00.",
306_ACM,2026-08-15 22:03:19,HB,PROVENIENCIA,A,,E4,"Momento reconstruido. Fonte: escrita datada no transcript, com ID literal e validada pela janela dos snapshots. Metodo completo no evento global de 2026-08-16 00:05:00.",
339_ACM,2026-08-15 22:03:19,HB,PROVENIENCIA,A,,E4,"Momento reconstruido. Fonte: escrita datada no transcript, com ID literal e validada pela janela dos snapshots. Metodo completo no evento global de 2026-08-16 00:05:00.",
376_ACM,2026-08-15 22:03:19,HB,PROVENIENCIA,A,,E4,"Momento reconstruido. Fonte: escrita datada no transcript, com ID literal e validada pela janela dos snapshots. Metodo completo no evento global de 2026-08-16 00:05:00.",
389_ACM,2026-08-15 22:03:19,HB,PROVENIENCIA,A,,E4,"Momento reconstruido. Fonte: escrita datada no transcript, com ID literal e validada pela janela dos snapshots. Metodo completo no evento global de 2026-08-16 00:05:00.",
409_ACM,2026-08-15 22:03:19,HB,PROVENIENCIA,A,,E4,"Momento reconstruido. Fonte: escrita datada no transcript, com ID literal e validada pela janela dos snapshots. Metodo completo no evento global de 2026-08-16 00:05:00.",
410_ACM,2026-08-15 22:03:19,HB,PROVENIENCIA,A,,E4,"Momento reconstruido. Fonte: escrita datada no transcript, com ID literal e validada pela janela dos snapshots. Metodo completo no evento global de 2026-08-16 00:05:00.",
418_ACM,2026-08-15 22:03:19,HB,PROVENIENCIA,A,,E4,"Momento reconstruido. Fonte: escrita datada no transcript, com ID literal e validada pela janela dos snapshots. Metodo completo no evento global de 2026-08-16 00:05:00.",
423_ACM,2026-08-15 22:03:19,HB,PROVENIENCIA,A,,E4,"Momento reconstruido. Fonte: escrita datada no transcript, com ID literal e validada pela janela dos snapshots. Metodo completo no evento global de 2026-08-16 00:05:00.",
431_ACM,2026-08-15 22:03:19,HB,PROVENIENCIA,A,,E4,"Momento reconstruido. Fonte: escrita datada no transcript, com ID literal e validada pela janela dos snapshots. Metodo completo no evento global de 2026-08-16 00:05:00.",
437_ACM,2026-08-15 22:03:19,HB,PROVENIENCIA,A,,E4,"Momento reconstruido. Fonte: escrita datada no transcript, com ID literal e validada pela janela dos snapshots. Metodo completo no evento global de 2026-08-16 00:05:00.",
442_ACM,2026-08-15 22:03:19,HB,PROVENIENCIA,A,,E4,"Momento reconstruido. Fonte: escrita datada no transcript, com ID literal e validada pela janela dos snapshots. Metodo completo no evento global de 2026-08-16 00:05:00.",
444_ACM,2026-08-15 22:03:19,HB,PROVENIENCIA,A,,E4,"Momento reconstruido. Fonte: escrita datada no transcript, com ID literal e validada pela janela dos snapshots. Metodo completo no evento global de 2026-08-16 00:05:00.",
447_ACM,2026-08-15 22:03:19,HB,PROVENIENCIA,A,,E4,"Momento reconstruido. Fonte: escrita datada no transcript, com ID literal e validada pela janela dos snapshots. Metodo completo no evento global de 2026-08-16 00:05:00.",
448_ACM,2026-08-15 22:03:19,HB,PROVENIENCIA,A,,E4,"Momento reconstruido. Fonte: escrita datada no transcript, com ID literal e validada pela janela dos snapshots. Metodo completo no evento global de 2026-08-16 00:05:00.",
450_ACM,2026-08-15 22:03:19,HB,PROVENIENCIA,A,,E4,"Momento reconstruido. Fonte: escrita datada no transcript, com ID literal e validada pela janela dos snapshots. Metodo completo no evento global de 2026-08-16 00:05:00.",
451_ACM,2026-08-15 22:03:19,HB,PROVENIENCIA,A,,E4,"Momento reconstruido. Fonte: escrita datada no transcript, com ID literal e validada pela janela dos snapshots. Metodo completo no evento global de 2026-08-16 00:05:00.",
452_ACM,2026-08-15 22:03:19,HB,PROVENIENCIA,A,,E4,"Momento reconstruido. Fonte: escrita datada no transcript, com ID literal e validada pela janela dos snapshots. Metodo completo no evento global de 2026-08-16 00:05:00.",
453_ACM,2026-08-15 22:03:19,HB,PROVENIENCIA,A,,E4,"Momento reconstruido. Fonte: escrita datada no transcript, com ID literal e validada pela janela dos snapshots. Metodo completo no evento global de 2026-08-16 00:05:00.",
454_ACM,2026-08-15 22:03:19,HB,PROVENIENCIA,A,,E4,"Momento reconstruido. Fonte: escrita datada no transcript, com ID literal e validada pela janela dos snapshots. Metodo completo no evento global de 2026-08-16 00:05:00.",
642_IEEE,2026-08-15 22:03:19,HB,PROVENIENCIA,A,,E4,"Momento reconstruido. Fonte: escrita datada no transcript, com ID literal e validada pela janela dos snapshots. Metodo completo no evento global de 2026-08-16 00:05:00.",
699_IEEE,2026-08-15 22:03:19,HB,PROVENIENCIA,A,,E4,"Momento reconstruido. Fonte: escrita datada no transcript, com ID literal e validada pela janela dos snapshots. Metodo completo no evento global de 2026-08-16 00:05:00.",
734_IEEE,2026-08-15 22:03:19,HB,PROVENIENCIA,A,,E4,"Momento reconstruido. Fonte: escrita datada no transcript, com ID literal e validada pela janela dos snapshots. Metodo completo no evento global de 2026-08-16 00:05:00.",
859_SCOPUS;933_SCOPUS,2026-08-15 22:03:19,HB,INTERPRETACAO_PROTOCOLO,A, , ,"Registros com ano nominal 2027 retidos. O escopo temporal do protocolo (l. 190-194) vai de janeiro de 2022 ate a data da busca, e nao ate o ano nominal do fasciculo. Publicacoes com data de capa futura ja disponiveis na data da busca estao dentro do intervalo. Nao configuram E4.",protocol/appendix_two_layer_mapping_protocol_v1_7.tex l. 190-194
290_ACM;292_ACM,2026-08-15 22:45:37,HB,CORRECAO_DADOS,, , ,"Resumos trocados entre os dois registros na origem. Detectado pelo teste de sobreposicao entre titulo e resumo (0,12 e 0,17). Verificou-se que o erro e da propria OpenAlex e que se propagou para a Semantic Scholar, razao pela qual a verificacao cruzada entre as duas bases nao o acusou. Corrigido manualmente. Relevante para a revisao porque 292_ACM e ""Using Grammar Masking to Ensure Syntactic Validity in LLM-based Modeling Tasks"", tema central do estudo, que teria sido triado sobre o resumo errado.",acm_abstracts_recovered.json
*_ACM,2026-08-15 23:08:44,HB,PROVENIENCIA,, , ,"A exportacao da ACM veio sem o campo de resumo em todos os 454 registros, o que tornaria indecidivel por titulo e resumo cerca de 47 por cento do corpus. Foram recuperados 404 resumos por DOI, em tres estagios: OpenAlex em lote (desinvertendo abstract_inverted_index), Semantic Scholar em lote e Crossref individual. A Crossref nao devolveu nenhum resumo, porque a ACM nao os deposita. Cada recuperacao passou por verificacao de titulo por sobreposicao de tokens antes de ser aceita. Os resumos foram gravados no proprio campo AB do inventario, sem coluna de proveniencia, por decisao da pesquisadora; o cache com fonte e tamanho de cada um fica em acm_abstracts_recovered.json.",acm_abstracts_recovered.json
078_ACM,2026-08-15 23:16:15,HB,REVISAO_DECISAO,B,E6,E7,"Exclusao mantida, criterio retificado. A decisao original de 2026-08-15 21:49:13 foi tomada quando a exportacao da ACM ainda estava sem o campo de resumo, e se apoiou apenas no titulo. Com o resumo recuperado, confirmou-se que o artigo nao trata de UML em momento algum: e agenda de pesquisa sobre o impacto da IA generativa na criatividade. O que falha e o artefato de saida (B1), nao o papel do LLM. Reetiquetado de E6 para E7 pela regra de ouro 5, que proibe sobrecarregar o E6 com falhas de entrada, tarefa ou saida. Sem efeito no total de excluidos do PRISMA, apenas na distribuicao por criterio.",protocol/screening_manual_v1.md; protocol/screening_flow_v1.puml
078_ACM,2026-08-15 23:16:15,HB,PROVENIENCIA,B,,E7,"Momento reconstruido. Fonte: revisao pontual de 2026-08-15, datada pelo transcript e confirmada pelo mtime do arquivo. Metodo completo no evento global de 2026-08-16 00:05:00.",
564_IEEE,2026-08-15 23:16:15,HB,REVISAO_DECISAO,B,E6,,"Exclusao revertida. A decisao original de 2026-08-15 21:49:13 foi tomada sem resumo. O resumo recuperado declara literalmente ""translating natural language requirements into design models"" por agentes dotados de capacidades de LLM, o que satisfaz B2 (autoridade semantica, RF-02), B3 (o modelo e produto) e B4 (entrada textual). Retido com flag INCERTO_SAIDA, porque o resumo diz ""design models"" sem nomear UML, e EVIDENCIA=A_VERIFICAR. Permanece candidato a E11 ou E7 no texto completo, mas nenhuma das duas decisoes pertence a triagem por titulo e resumo.",protocol/screening_manual_v1.md; protocol/screening_flow_v1.puml
938_SCOPUS,2026-08-15 23:16:15,HB,REVISAO_DECISAO,B,E6,E6,"Exclusao mantida, fundamentacao reforcada. A decisao original de 2026-08-15 21:49:13 invocava a formula generica de que o LLM nao seria componente substantivo. Com o resumo recuperado, a cadeia de producao ficou explicita: os requisitos vieram de revisao sistematica e entrevistas, a matriz morfologica gerou o modelo UML, e so entao a IA generativa entrou a jusante, como consumidora, via servidor MCP para recuperacao de informacao. O LLM nao propoe, nao gera e nao revisa elementos portadores de significado. Passa a citar explicitamente a RF-02.",protocol/screening_manual_v1.md; protocol/screening_flow_v1.puml
938_SCOPUS,2026-08-15 23:16:15,HB,PROVENIENCIA,B,,E6,"Momento reconstruido. Fonte: revisao pontual de 2026-08-15, datada pelo transcript e confirmada pelo mtime do arquivo. Metodo completo no evento global de 2026-08-16 00:05:00.",
076_ACM,2026-08-15 23:49:54,HB,CORRECAO_DADOS,, , ,"Campo AB esvaziado. A recuperacao automatica de resumos gravou neste registro a lista de autores (""Author(s): Prather, James; Leinonen, Juho; ..."") devolvida pela OpenAlex no lugar do resumo. Detectado pelo teste de sobreposicao lexical entre titulo e resumo. Preferiu-se o campo vazio a um resumo falso, que levaria a triagem a decidir sobre texto que nao e do artigo. O registro permanece excluido por E2, decisao que nao dependia do resumo.",acm_abstracts_recovered.json
*,2026-08-16 00:05:00,HB,PROVENIENCIA,, , ,"Migracao do esquema de triagem. O inventario passou de um campo unico (filter_1, filter_1_date, filter_1_observations) para doze campos de portao (gate_a/b/c x outcome, reviewer, datetime, notes). As 338 observacoes existentes foram realocadas para o portao que decidiu cada caso: 335 para gate_a_notes e 3 para gate_b_notes. As 47 colunas comuns foram conferidas celula a celula contra o backup, com zero divergencias, e a coerencia entre os desfechos de portao e as colunas derivadas excluded e exclusion_criteria foi verificada em todos os registros, tambem com zero divergencias. O campo gate_a_datetime dos registros que passaram recebeu 22:03:19, momento em que a ultima varredura do Portao A (E4) se completou, e nao um horario individual de leitura que nao existiu.",backups/custom_automated_search_collection_20260815_2359_pre_gates.csv
*,2026-08-16 00:05:00,HB,PROVENIENCIA,,,,"Momento reconstruido, nao capturado no ato da decisao. Os campos de portao so passaram a existir em 2026-08-16; ate entao o inventario registrava apenas a data (2026-08-15), sem hora. A reconstrucao cruzou tres fontes: (1) os backups datados em search/automated/backups/, que delimitam a janela de cada registro pelo ultimo snapshot em que ele ainda nao tinha criterio e o primeiro em que ja tinha; (2) o transcript da sessao de trabalho, que datou cada escrita no CSV; (3) o mtime dos arquivos. O fuso foi conferido em UTC-3. Duas heuristicas foram descartadas no processo: atribuir o horario pelo ID citado literalmente no script super-casava, porque qualquer script que apenas mencionasse o registro reivindicava a decisao (aparecia E4 datado de 15:56, impossivel, pois o snapshot das 22:02 prova que ainda nao estava excluido); e validar so o limite superior da janela era insuficiente, sendo necessario validar tambem o inferior. Precisao final: para os 151 registros decididos antes do primeiro backup, o horario e o da varredura em lote que os decidiu, que e o horario correto da operacao mas nao distingue registro a registro — eles foram, de fato, decididos no mesmo instante. Para os demais, o horario foi validado contra os snapshots. Momentos registrados a partir de 2026-08-16 sao capturados no ato.",backups/; ~/.claude/projects/.../6d94682d-b83f-477e-b268-293cbf4d7278.jsonl
185_ACM;230_ACM;288_ACM;345_ACM;346_ACM;357_ACM;362_ACM;378_ACM;379_ACM;382_ACM;385_ACM;391_ACM;392_ACM;393_ACM;394_ACM;395_ACM;398_ACM;400_ACM;402_ACM;404_ACM;405_ACM;408_ACM;412_ACM;413_ACM;414_ACM;415_ACM;416_ACM;417_ACM;419_ACM;421_ACM;424_ACM;426_ACM;428_ACM;429_ACM;430_ACM;432_ACM;433_ACM;434_ACM;435_ACM;436_ACM;438_ACM;440_ACM;441_ACM;443_ACM;445_ACM;446_ACM,2026-08-16 00:30:06,HB,DECISAO_GATE,B2,,E6,"Exclusao em lote de 46 registros por E6, decidida em B2. Nenhum dos 46 apresenta termo do bloco LLM em titulo, resumo ou palavras-chave. Antes de aplicar, verificou-se que todos tem resumo utilizavel e sao de 2022 em diante, de modo que a ausencia de LLM nao decorre de metadado faltante nem de escopo temporal. Investigou-se tambem a hipotese de que o cluster estivesse no corpus por erro de ingestao, e ela foi descartada: a contagem da origem confere com o log de validacao da busca, e a recuperacao se explica pela configuracao aceita, em que os blocos UML e geracao foram buscados em texto completo enquanto o bloco LLM ficou restrito aos metadados, somada aos nomes proprios nus do bloco LLM. Trata-se, portanto, de custo de precisao previsto, e nao de defeito de corpus. Registros do mesmo padrao sem resumo utilizavel ficaram fora da leva.",protocol/screening_manual_v1.md secao 6
007_ACM;171_ACM;319_ACM;411_ACM;495_IEEE;509_IEEE;568_IEEE;573_IEEE;611_IEEE,2026-08-16 00:43:46,HB,DECISAO_GATE,B1,,E7,"Exclusao de 9 registros por E7, decidida em B1. Em todos, os autores nomeiam explicitamente a notacao de saida — GRL, BPMN, feature model, DFD, SysML v2, SIG, entidade-relacionamento, C4 e propriedades CTL — e nenhum dos tres campos traz elemento UML separavel. Em varios deles o I2 e o I4 estao satisfeitos: ha LLM nomeado com autoridade semantica e entrada textual. A falha e exclusivamente de saida (I5), e a regra de ouro 5 proibe rotula-la como E6.",protocol/screening_manual_v1.md; protocol/screening_flow_v1.puml
295_ACM;351_ACM;384_ACM;407_ACM,2026-08-16 00:43:46,HB,REVISAO_DECISAO,B2,E7 (proposta do script),E6,"Quatro registros que o script de apoio propos excluir por E7 foram reclassificados para E6 em B2. O script disparou por detectar SysML na saida, mas o B1 nao decide com clareza esses casos: o SysML v1 e perfil de UML e reusa do metamodelo UML os diagramas de atividade, sequencia, maquina de estados e caso de uso, de modo que afirmar ausencia de componente UML separavel exigiria certeza que o resumo nao oferece. Ja o B2 decide sem ambiguidade: nenhum dos quatro apresenta termo do bloco LLM nem vocabulario de inteligencia artificial em titulo, resumo ou palavras-chave. Sao trabalhos de MBSE e de engenharia dirigida por modelos com transformacoes deterministicas. Aplicada a regra de ouro 3: o criterio primario e o primeiro portao que explica claramente o caso. Todos receberam a flag INCERTO_SAIDA, nao resolvida no B1.",protocol/screening_manual_v1.md; protocol/screening_flow_v1.puml
018_ACM;538_IEEE;539_IEEE,2026-08-16 00:43:46,HB,REVISAO_DECISAO,B,E7 (proposta do script),,"Tres registros que o script de apoio propos excluir por E7 foram RETIDOS. 018_ACM: os modelos de comportamento SysML avaliados sao ACT e SD, isto e, diagrama de atividade e de sequencia, reusados do metamodelo UML — componente UML separavel, B1 resolvido pelo primeiro caso; passou os quatro subportoes e recebeu EVIDENCIA=EXPLICITA. 538_IEEE: o Mermaid e sintaxe portadora e nao notacao, como o PlantUML, que a definicao operacional do protocolo admite quando destinado a codificar UML; o resumo nao declara o tipo de diagrama, logo o caso e o terceiro do B1 e nao o segundo — retido com INCERTO_SAIDA. 539_IEEE: alem da mesma indeterminacao de saida, o resumo diz ""Generative AI"" mas descreve treinar modelo de NLP com dados rotulados, o que pela RF-01 seria E6; houve hesitacao genuina e a regra de ouro 1 mandou reter, com INCERTO_PAPEL_LLM e INCERTO_SAIDA.",protocol/screening_manual_v1.md; protocol/screening_flow_v1.puml
018_ACM;495_IEEE,2026-08-16 00:43:46,HB,INTERPRETACAO_PROTOCOLO,B1,,,"Fixada a distincao entre SysML v1 e SysML v2 para efeito do B1. O E7 do protocolo (l. 1245) nomeia SysML, mas a definicao operacional de ""UML diagram"" admite excecao quando o componente UML e separavel. O SysML v1 e perfil de UML: seus diagramas de comportamento sao reusados do metamodelo UML, de modo que ha componente separavel sempre que o relato nomeie um deles. O SysML v2 rompe essa filiacao — e linguagem autonoma construida sobre o KerML, sem reuso do metamodelo UML — e nao oferece componente separavel. A regra foi aplicada de forma simetrica nesta leva: 018_ACM, que nomeia ACT e SD do SysML v1, foi retido; 495_IEEE, que trata de SysML v2, foi excluido por E7. Registros de SysML v1 que nao nomeiam o tipo de diagrama nao sao decididos no B1 e seguem com INCERTO_SAIDA.",protocol/screening_manual_v1.md; protocol/screening_flow_v1.puml
022_ACM;030_ACM;062_ACM;098_ACM;116_ACM;122_ACM;130_ACM;133_ACM;145_ACM;167_ACM;188_ACM;195_ACM;199_ACM;200_ACM;202_ACM;204_ACM;208_ACM;209_ACM;220_ACM;228_ACM;252_ACM;275_ACM;283_ACM;289_ACM;310_ACM;311_ACM;312_ACM;331_ACM;340_ACM;361_ACM;501_IEEE;520_IEEE;522_IEEE;575_IEEE;618_IEEE;632_IEEE;640_IEEE;652_IEEE;684_IEEE;722_IEEE,2026-08-16 00:52:38,HB,REVISAO_DECISAO,B1,E9 (proposta do script),E7,"Reclassificacao em lote de 40 registros que o script de apoio propusera excluir por E9 no B4. O script disparou por detectar sinal de entrada nao textual (codigo-fonte, repositorio, imagem, log) sem antes confirmar o portao da saida, invertendo a ordem do fluxograma. Verificada a varredura dos tres campos, nenhum dos 40 apresenta uma unica ocorrencia de UML ou de tipo de diagrama do metamodelo UML, de modo que nao ha componente UML separavel e o B1 decide antes de o B4 ser alcancado. Aplicada a regra de ouro 3 (criterio primario e o primeiro portao que explica claramente o caso) e a regra de ouro 5 (falha de saida e I5/E7, nao E6 nem E9). Em varios deles o I2 e o I4 estao satisfeitos. Todos os 40 possuem resumo, portanto nenhuma exclusao se apoia em dado ausente. Restam 21 registros do bloco original, que tem mencao a UML e serao lidos individualmente.",protocol/screening_manual_v1.md; protocol/screening_flow_v1.puml
159_ACM;736_IEEE;782_SCOPUS;792_SCOPUS;873_SCOPUS;908_SCOPUS;936_SCOPUS;953_SCOPUS;969_SCOPUS,2026-08-16 09:55:59,HB,INTERPRETACAO_PROTOCOLO,B4,,E9,"Delimitacao de escopo fixada pela pesquisadora em funcao do fenomeno observado na pesquisa: o objeto da revisao e a SINTESE DIRETA de conteudo UML por LLM a partir de especificacoes textuais em linguagem natural — requisitos, user stories, cenarios, problem statements ou descricoes textuais de dominio. Por consequencia, engenharia reversa a partir de codigo-fonte e formalizacao a partir de imagem ficam FORA do escopo, mesmo quando medem qualidade de UML gerada por LLM com metricas explicitas. A decisao foi tomada com ciencia do custo: sai deste bloco um conjunto de estudos metodologicamente fortes (873, ChatGPT em 40 sistemas com 90 por cento de classes e 66 por cento de associacoes; 936, GPT-4 contra abstracao de especialistas em 4452 elementos; 782, cinco LLMs com acuracia, consistencia e F1; 953, imagens de diagramas desenhados a mao; 792, CodeT5 e generalizacao entre linguagens). A alternativa considerada e recusada era emendar o I4 para admitir entrada nao textual, o que alargaria o escopo de ""sintese de UML a partir de especificacao"" para ""geracao de UML por LLM em geral"". Estes 9 registros ficam nomeados neste evento e sao recuperaveis sem re-triagem caso o I4 venha a ser emendado.",protocol/screening_manual_v1.md; protocol/screening_flow_v1.puml
265_ACM;826_SCOPUS;897_SCOPUS;980_SCOPUS,2026-08-16 09:55:59,HB,DECISAO_GATE,B3,,E8,"Quatro registros excluidos por E8 no B3: a UML e insumo e o LLM apenas avalia, classifica ou diagnostica, sem produzir nem alterar conteudo de modelo. 265_ACM correcao automatica de diagramas, retida a flag INCERTO_SAIDA porque a notacao das submissoes nao foi resolvida, embora irrelevante para o desfecho; 826_SCOPUS deteccao de padroes GoF com modelos UML como input declarado, sendo a extracao dos modelos feita por MDE e nao por LLM; 897_SCOPUS ChatGPT-4o respondendo exercicios cujos artefatos incluem diagramas de classes e de sequencia; 980_SCOPUS ArchCrafter analisando codebases e diagramas UML para apontar falhas arquiteturais.",protocol/screening_manual_v1.md; protocol/screening_flow_v1.puml
779_SCOPUS;846_SCOPUS;977_SCOPUS,2026-08-16 09:55:59,HB,DECISAO_GATE,B3,,E7,"Tres registros excluidos por E7 no B3, direcao inversa a investigada: a UML entra e o produto e codigo. 779_SCOPUS gera codigo executavel a partir de imagens de diagramas de estado desenhados a mao; 846_SCOPUS converte imagens de diagramas de classes em arquivos Java com GPT-4-Vision; 977_SCOPUS avalia GPT-4o, Gemini e DeepSeek em UML-to-Java, tratando a UML como variavel independente de qualidade controlada e nao como objeto de avaliacao. O desfecho foi registrado como B3_E7 e nao B1_E7 porque havia UML no estudo, so que na entrada — distincao que a secao 6.1 do manual exige preservar.",protocol/screening_manual_v1.md; protocol/screening_flow_v1.puml
808_SCOPUS;889_SCOPUS,2026-08-16 09:55:59,HB,DECISAO_GATE,B1,,E7,"Dois registros excluidos por E7 no B1. 808_SCOPUS: o LLM deriva modelos de GUI em IFML a partir de imagens de mock-up; a UML citada pertence a outra camada do arcabouco BESSER, nao e gerada pelo LLM nem medida, logo nao ha componente UML separavel. 889_SCOPUS: taxonomia e arcabouco de avaliacao automatizada de respostas abertas de estudantes, sem qualquer artefato de modelagem; a ocorrencia lexical de UML nao corresponde a uso substantivo.",protocol/screening_manual_v1.md; protocol/screening_flow_v1.puml
787_SCOPUS;822_SCOPUS;900_SCOPUS,2026-08-16 09:55:59,HB,DECISAO_GATE,B,,,"Tres registros RETIDOS apos percorrer os quatro subportoes do Portao B. 787_SCOPUS benchmarking de ferramentas de IA generativa nas fases da engenharia de software, com UML Generation nas palavras-chave e metricas fartas, retido com CANDIDATO_E10 porque a UML e uma tarefa entre muitas e pode nao se separar na extracao. 822_SCOPUS papel do GitHub Copilot no trabalho do arquiteto, com sete tipos de diagrama UML nomeados e avaliacao de alinhamento a principios, retido com INCERTO_ENTRADA porque o resumo nao declara o que entra no processo — questao que se tornou decisiva apos a delimitacao de escopo fixada nesta data. 900_SCOPUS interpretador de modelos conceituais em que Llama 2 e ChatGPT 4 geram sintaxe PlantUML renderizada em interface conversacional, admitido pela regra do protocolo (l. 174) que aceita PlantUML quando destinado a codificar UML.",protocol/screening_manual_v1.md; protocol/screening_flow_v1.puml
001_ACM;006_ACM;008_ACM;009_ACM;010_ACM;012_ACM;013_ACM;014_ACM;016_ACM;017_ACM;020_ACM;023_ACM;024_ACM;025_ACM;026_ACM;029_ACM;033_ACM;034_ACM;035_ACM;037_ACM;038_ACM;039_ACM;040_ACM;041_ACM;042_ACM;043_ACM;044_ACM;047_ACM;049_ACM;052_ACM;053_ACM;055_ACM;064_ACM;065_ACM;066_ACM;069_ACM;070_ACM;071_ACM;072_ACM;073_ACM;074_ACM;079_ACM;082_ACM;083_ACM;084_ACM;085_ACM;087_ACM;088_ACM;094_ACM;095_ACM;096_ACM;103_ACM;104_ACM;105_ACM;107_ACM;109_ACM;111_ACM;112_ACM;114_ACM;115_ACM;117_ACM;118_ACM;119_ACM;120_ACM;123_ACM;124_ACM;125_ACM;126_ACM;129_ACM;132_ACM;135_ACM;139_ACM;140_ACM;142_ACM;143_ACM;144_ACM;147_ACM;148_ACM;149_ACM;150_ACM;151_ACM;152_ACM;153_ACM;155_ACM;157_ACM;160_ACM;162_ACM;163_ACM;164_ACM;166_ACM;168_ACM;172_ACM;173_ACM;175_ACM;176_ACM;177_ACM;180_ACM;181_ACM;183_ACM;184_ACM;186_ACM;187_ACM;189_ACM;190_ACM;191_ACM;194_ACM;197_ACM;198_ACM;201_ACM;203_ACM;205_ACM;206_ACM;207_ACM;211_ACM;212_ACM;213_ACM;214_ACM;218_ACM;219_ACM;223_ACM;224_ACM;225_ACM;227_ACM;231_ACM;233_ACM;236_ACM;237_ACM;239_ACM;240_ACM;241_ACM;242_ACM;243_ACM;244_ACM;246_ACM;247_ACM;248_ACM;249_ACM;250_ACM;251_ACM;253_ACM;254_ACM;256_ACM;257_ACM;258_ACM;259_ACM;261_ACM;262_ACM;263_ACM;264_ACM;266_ACM;267_ACM;268_ACM;269_ACM;270_ACM;271_ACM;272_ACM;274_ACM;276_ACM;277_ACM;278_ACM;279_ACM;280_ACM;282_ACM;284_ACM;285_ACM;291_ACM;293_ACM;294_ACM;297_ACM;298_ACM;299_ACM;300_ACM;301_ACM;302_ACM;303_ACM;304_ACM;308_ACM;309_ACM;313_ACM;314_ACM;315_ACM;316_ACM;317_ACM;318_ACM;320_ACM;321_ACM;323_ACM;325_ACM;327_ACM;330_ACM;332_ACM;333_ACM;334_ACM;335_ACM;336_ACM;337_ACM;338_ACM;343_ACM;344_ACM;347_ACM;348_ACM;349_ACM;350_ACM;352_ACM;353_ACM;354_ACM;356_ACM;358_ACM;360_ACM;365_ACM;366_ACM;367_ACM;370_ACM;371_ACM;372_ACM;373_ACM;374_ACM;381_ACM;387_ACM;403_ACM;406_ACM;425_ACM;468_IEEE;486_IEEE;494_IEEE;496_IEEE;507_IEEE;524_IEEE;526_IEEE;527_IEEE;528_IEEE;531_IEEE;534_IEEE;541_IEEE;543_IEEE;546_IEEE;550_IEEE;551_IEEE;552_IEEE;556_IEEE;559_IEEE;560_IEEE;562_IEEE;565_IEEE;567_IEEE;569_IEEE;571_IEEE;574_IEEE;578_IEEE;580_IEEE;581_IEEE;591_IEEE;593_IEEE;595_IEEE;597_IEEE;601_IEEE;602_IEEE;604_IEEE;605_IEEE;608_IEEE;613_IEEE;614_IEEE;615_IEEE;617_IEEE;620_IEEE;624_IEEE;625_IEEE;627_IEEE;629_IEEE;631_IEEE;633_IEEE;637_IEEE;639_IEEE;643_IEEE;644_IEEE;646_IEEE;647_IEEE;648_IEEE;649_IEEE;651_IEEE;653_IEEE;654_IEEE;655_IEEE;659_IEEE;661_IEEE;663_IEEE;664_IEEE;665_IEEE;666_IEEE;667_IEEE;674_IEEE;676_IEEE;679_IEEE;680_IEEE;681_IEEE;682_IEEE;683_IEEE;685_IEEE;688_IEEE;689_IEEE;690_IEEE;691_IEEE;693_IEEE;696_IEEE;697_IEEE;700_IEEE;702_IEEE;703_IEEE;706_IEEE;708_IEEE;715_IEEE;717_IEEE;718_IEEE;719_IEEE;721_IEEE;726_IEEE;730_IEEE;733_IEEE;735_IEEE;737_IEEE,2026-08-16 09:58:35,HB,REVISAO_DECISAO,B1,E9 (proposta do script),E7,"Varredura sistematica do B1 sobre os 647 registros que restavam sem triagem no Portao B. A particao lexical dos tres campos separou 245 registros com mencao a UML, 18 sem resumo e 384 sem nenhuma mencao. Destes 384, 64 traziam termo de modelagem capaz de encobrir UML por outro nome (class model, conceptual ou domain model, diagrama comportamental, geracao de modelo, MDE, MBSE, metamodelo, requisitos para modelo, ou ""diagram"" generico) e foram retirados do lote para leitura individual, em respeito a regra de ouro 1. Os 320 restantes formam este lote: nenhuma ocorrencia de UML, de tipo de diagrama do metamodelo, de PlantUML ou de XMI, e nenhum termo de modelagem ambiguo. Sem componente UML separavel, o B1 decide pela clausula geral e os subportoes seguintes nao sao alcancados. Amostra de conferencia confirmou o perfil do lote: codificacao de sintomas medicos, grafos de conhecimento, educacao em computacao, classificacao de texto, aconselhamento psicologico — o ruido lexical esperado por desenho da string ampla, documentado na secao 7 do manual. Todos os 320 possuem resumo, portanto nenhuma exclusao se apoia em dado ausente.",protocol/screening_manual_v1.md; protocol/screening_flow_v1.puml
075_ACM;089_ACM;099_ACM;100_ACM;108_ACM;113_ACM;170_ACM;307_ACM;324_ACM;380_ACM;383_ACM;386_ACM;390_ACM;397_ACM;399_ACM;422_ACM;427_ACM;439_ACM,2026-08-16 10:03:14,HB,DECISAO_GATE,B,,,"Dezoito registros ACM sem resumo RETIDOS por indecidibilidade no Portao B, com flag SEM_RESUMO. Nenhum dos quatro subportoes se resolve por titulo e palavras-chave sem atribuir ao trabalho afirmacoes que ele nao fez; excluir seria excluir por ausencia de dado e nao por evidencia contraria, contra a regra de ouro 1. Registrada em cada um a pauta de leitura derivada do sinal do titulo. Perfil do conjunto: oito sao trabalhos de gemeo digital (380, 383, 386, 390, 397, 422, 427, 439), a armadilha lexical ""twin"" documentada na secao 7 do manual, com desfecho provavel E6 no B2 por ausencia de LLM; cinco sao de educacao em computacao (075, 089, 100, 108, 170); dois sao de simulacao de eventos discretos com formalismo DEVS (399, 427); e dois sao candidatos reais que merecem leitura prioritaria — 113_ACM, avaliacao de LLMs de proposito geral para geracao de design a partir de prompts ontologicos, e 099_ACM, arcabouco multi-LLM para requisitos de software. A causa da ausencia e a exportacao da ACM sem campo de resumo; a recuperacao por OpenAlex restituiu 404 dos 454 resumos ACM e nao alcancou estes.",protocol/screening_manual_v1.md
015_ACM;046_ACM;050_ACM;059_ACM;077_ACM;080_ACM;086_ACM;091_ACM;101_ACM;106_ACM;121_ACM;128_ACM;136_ACM;146_ACM;154_ACM;161_ACM;169_ACM;174_ACM;182_ACM;196_ACM;222_ACM;226_ACM;255_ACM;290_ACM;329_ACM;363_ACM;364_ACM;490_IEEE;514_IEEE;585_IEEE;587_IEEE;599_IEEE;621_IEEE;634_IEEE;641_IEEE;713_IEEE;729_IEEE;732_IEEE;816_SCOPUS;855_SCOPUS;860_SCOPUS;883_SCOPUS;946_SCOPUS,2026-08-16 10:11:30,HB,DECISAO_GATE,B1,,E7,"Quarenta e tres registros excluidos por E7 no B1, apos leitura individual. Vinham do subconjunto de 64 que, sem mencao literal a UML, traziam termo de modelagem capaz de encobrir UML por outro nome, e por isso foram retirados do lote automatico de 320. Verificado caso a caso que o termo nao resgata o registro. Notacoes vizinhas que saem por nao terem componente UML separavel: AADL (154), CMMN (490), Object-Process Methodology ISO 19450 (634), PDEVS (713), TLA+ (946), AMPL (046), DSLs de plataformas low-code (196, 222, 182). Automatos finitos da teoria da computacao, distintos de diagramas de maquina de estados UML: 101, 146, 732, 860. Casos em que o termo ""model"" designava outra coisa: 128 (o proprio LLM), 174 (arquitetura interna do arcabouco), 255 (tabelas de banco de dados), 077 (metamodelo da metodologia de ensino, sendo o MDE o assunto ensinado e nao a tecnica). Casos em que o diagrama era ENTRADA e o produto era outro artefato: 086, 136, 514, 587, 729.",protocol/screening_manual_v1.md; protocol/screening_flow_v1.puml
137_ACM;554_IEEE;612_IEEE,2026-08-16 10:11:30,HB,DECISAO_GATE,B3,,,"Tres registros decididos no B3 com INCERTO_SAIDA nao resolvida no B1, padrao ja aplicado a 265_ACM: a duvida sobre a notacao permanece registrada, mas tornou-se irrelevante porque o B3 decide independentemente dela. 137_ACM e 612_IEEE saem por E8, o modelo e insumo e o produto e avaliacao ou resposta; 554_IEEE sai por E7, o diagrama e insumo e o produto sao codigo e testes. Registro que 137_ACM avalia automaticamente a qualidade de diagramas por LLM, tema vizinho ao da revisao, mas com o LLM no papel de avaliador e nao de gerador.",protocol/screening_manual_v1.md; protocol/screening_flow_v1.puml
027_ACM;061_ACM;138_ACM;141_ACM;221_ACM;292_ACM;516_IEEE;518_IEEE;521_IEEE;570_IEEE;582_IEEE;583_IEEE;623_IEEE;626_IEEE;656_IEEE;851_SCOPUS;903_SCOPUS;932_SCOPUS,2026-08-16 10:11:30,HB,DECISAO_GATE,B,,,"Dezoito registros RETIDOS pelo terceiro caso do B1, resumo que nao deixa clara a notacao de saida, com pauta de leitura individual registrada em cada um. Nucleo de modelagem de dominio, o padrao central da revisao a espera apenas de confirmacao da notacao: 027, 061, 138, 141, 221, 521, 623. O 521_IEEE e o de leitura mais prioritaria — entrada explicitamente em linguagem natural e avaliacao comparativa declarada. Casos de fronteira que podem exigir decisao explicita de protocolo: 518_IEEE, geracao de OCL, cuja tabela da secao 4.1 nao lista a OCL embora ela seja linguagem companheira da UML no padrao OMG; e 292_ACM, validade sintatica de modelos gerados por LLM, dimensao de qualidade central para a revisao, mas sobre gramatica nao nomeada. Registro uma CORRECAO DE VARREDURA: 903_SCOPUS nomeia diagrama de atividade e nao deveria ter caido no subconjunto sem mencao a UML; escapou porque grafa ""activity-diagram"" com hifen e a expressao regular exigia espaco. A leitura individual do bloco corrigiu o erro, mas ele indica risco residual de falso negativo por hifenizacao nos lotes automaticos.",protocol/screening_manual_v1.md; protocol/screening_flow_v1.puml
493_IEEE;499_IEEE;506_IEEE;508_IEEE;511_IEEE;512_IEEE;517_IEEE;523_IEEE;530_IEEE;532_IEEE;535_IEEE;553_IEEE;557_IEEE;561_IEEE;566_IEEE;576_IEEE;577_IEEE;579_IEEE;588_IEEE;596_IEEE;606_IEEE;607_IEEE;609_IEEE;622_IEEE;635_IEEE;636_IEEE;638_IEEE;657_IEEE;660_IEEE;662_IEEE;668_IEEE;672_IEEE;677_IEEE;686_IEEE;687_IEEE;701_IEEE;704_IEEE;707_IEEE;709_IEEE;712_IEEE;716_IEEE;724_IEEE;731_IEEE;764_SCOPUS;783_SCOPUS;899_SCOPUS;902_SCOPUS,2026-08-16 10:20:23,HB,DECISAO_GATE,B1,,E7,"Quarenta e sete registros EXCLUIDOS por E7 em B1, do bloco de 60 em que a unica ocorrencia de UML estava nas palavras-chave e nao no titulo ou no resumo. Achado metodologico do bloco: em 43 registros do IEEE, a correspondencia vinha exclusivamente do descritor ""Unified modeling language"" do vocabulario controlado do IEEE Xplore, atribuido pelo indexador entre termos genericos (Training, Accuracy, Codes, Semantics) e jamais declarado pelos autores. Em 21 desses 43 a causa e identificavel: sao trabalhos biomedicos que usam o UMLS, Unified Medical Language System, tesauro do NIH sem relacao com a Unified Modeling Language; a colisao de sigla propagou-se para a indexacao. E armadilha lexical nova, a acrescentar a secao 7 do manual. Os outros 4 sao do Scopus e caem por razao propria: 764 tem PlantUML como palavra-chave autoral mas produz regras de base de conhecimento, 783 e 899 tem ""timing diagrams"" de eletronica digital que nao sao do metamodelo UML, e 902 gera Verilog. Todos os 47 possuem resumo, portanto nenhuma exclusao se apoia em dado ausente.",protocol/screening_manual_v1.md; protocol/screening_flow_v1.puml
915_SCOPUS;960_SCOPUS,2026-08-16 10:20:23,HB,DECISAO_GATE,B2,,E6,"Dois registros EXCLUIDOS por E6 em B2, ambos com UML declarada como palavra-chave pelos autores e portanto sem artefato de indexacao. Em 915_SCOPUS os proprios autores contrapoem expressamente o seu metodo aos LLMs (""Unlike statistical approaches ... such as Large Language Models""), de modo que nao ha modelo de linguagem no trabalho; registre-se que o B1 ficou indeciso e que a exclusao nao se apoia nele, aplicada a regra de ouro 3 na sua formulacao exata (primeiro portao que explica CLARAMENTE o caso). Em 960_SCOPUS a UML e notacao com que os autores documentaram o projeto do sistema e a IA generativa e uma funcionalidade de chatbot para consultas de usuario final: coocorrencia sem relacao produtiva, decidida pela RF-02. O 960_SCOPUS constava como pendencia de decisao em texto completo desde sessao anterior; fica decidido no resumo.",protocol/screening_manual_v1.md
563_IEEE;743_SCOPUS;832_SCOPUS;871_SCOPUS;881_SCOPUS;890_SCOPUS;892_SCOPUS;893_SCOPUS;916_SCOPUS;929_SCOPUS;957_SCOPUS,2026-08-16 10:20:23,HB,DECISAO_GATE,B,,,"Onze registros RETIDOS do bloco de 60. Quatro sao candidatos centrais da revisao, todos com UML declarada pelos autores e qualidade como objeto: 743_SCOPUS mede o efeito de granularidade e estrategia de prompt sobre a qualidade de modelos de dominio gerados por GPT-4o; 916_SCOPUS (MoRe) nomeia redundancia, inconsistencia e sanidade estrutural de diagramas de classes gerados; 893_SCOPUS gera modelos de casos de uso avaliados por cinco profissionais; 957_SCOPUS avalia Llama 4, Gemini 2.0 e o3 na geracao de arquitetura a partir de requisitos nao estruturados. Tres retencoes sao por indecidibilidade do B1: 563_IEEE gera ""process models"" sem nomear a notacao (terceiro caso do B1; se BPMN, E7); 890_SCOPUS e enunciado de estudo de caso didatico em que quem modela e o leitor; 871_SCOPUS gera DESCRICOES TEXTUAIS de casos de uso, o que abre uma QUESTAO DE PROTOCOLO a fixar antes da extracao: descricao textual de caso de uso, gabarito narrativo nao normatizado pela especificacao da UML e ausente da tabela da secao 4.1 do manual, conta como conteudo UML para efeito do I5? Uma retencao e por incerteza de papel do LLM (832_SCOPUS, pipeline hibrido em que um parser seleciona classes candidatas antes do LLM; se o LLM apenas valida, E6). Duas sao por evidencia a verificar (881_SCOPUS, 892_SCOPUS, este ultimo com resumo de periodo unico). E uma e candidata a E10 (929_SCOPUS, que mede comportamento de interacao e percepcao, e nao propriedade do artefato).",protocol/screening_manual_v1.md
019_ACM;051_ACM;090_ACM;215_ACM;456_IEEE;467_IEEE;616_IEEE;678_IEEE;720_IEEE;738_SCOPUS;739_SCOPUS;740_SCOPUS;742_SCOPUS;744_SCOPUS;746_SCOPUS;748_SCOPUS;749_SCOPUS;750_SCOPUS;751_SCOPUS;753_SCOPUS;754_SCOPUS;755_SCOPUS;756_SCOPUS;757_SCOPUS,2026-08-16 13:18:32,HB,DECISAO_GATE,B,,,"Primeiro lote de leitura individual dos 185 registros que mencionam UML no titulo ou no resumo: 24 registros triados. Desfechos: 10 RETIDOS, 3 E7 em B1, 4 E6 em B2, 3 E7 em B3, 3 E8 em B3 e 1 E9 em B4. Quatro sao candidatos centrais sem qualquer ressalva (467_IEEE, 748_SCOPUS, 749_SCOPUS, 742_SCOPUS): geracao de UML a partir de requisitos por LLM com avaliacao declarada do artefato. Tres decisoes merecem registro proprio. (1) 215_ACM foi excluido por E9 em B4, e NAO por E8: o arcabouco nao apenas detecta como CORRIGE inconsistencias entre diagramas SysML, de modo que ha alteracao de conteudo UML e a condicao restritiva do E8 na secao 3 do manual (""so exclui quando o diagrama ja existe e nao e alterado"") nao se satisfaz; o que o exclui e a entrada ser modelo existente, sem componente textual de requisitos. E o decimo registro do conjunto de E9 alcancado pela delimitacao de escopo, recuperavel sem re-triagem. (2) 739_SCOPUS e armadilha lexical de tipo novo: a unica ocorrencia de UML esta no TITULO DE UM DOS ARTIGOS ENCOMENDADOS ao ChatGPT (""Modelling of Mental Arithmetic Strategies Using UML""); a UML e assunto de texto gerado, nao artefato gerado. (3) 740_SCOPUS traz UML farta e propria (diagrama de sequencia, diagrama de classes e um perfil UML desenvolvido pelos autores), mas a unica mencao a modelo de linguagem esta na frase retorica de abertura do resumo; e coocorrencia sem relacao produtiva, decidida por E6 em B2 pela RF-02.",protocol/screening_manual_v1.md; protocol/screening_flow_v1.puml
753_SCOPUS,2026-08-16 13:38:11,HB,REVISAO_DECISAO,B,E6 (B2),E8 (B3),"Correcao de desfecho decidida horas antes na mesma sessao. O 753_SCOPUS (UML Miner, plugin que analisa a modelagem dos estudantes e devolve realimentacao por LLM) fora classificado como E6 em B2, ao fundamento de que a autoridade semantica sobre os diagramas e dos estudantes. A releitura da tabela da secao 4.2 do manual mostra que ela ja resolve expressamente a situacao com desfecho diverso: ""LLM apenas avalia ou explica um diagrama ja existente"" -> E8, porque ""nao ha producao, transformacao, reparo ou revisao de conteudo UML"". A distincao importa e nao e mera etiqueta: o E6 e falha de ORIGEM (I2), reservado a quando o LLM nao e substantivo ou nao toca o conteudo UML; o E8 e falha de TAREFA (I3), quando o LLM opera sobre o diagrama mas apenas para avaliar, explicar ou criticar. Confundi-los violaria a regra de ouro 5, que veda sobrecarregar o E6, e distorceria a tabela de exclusoes por criterio no PRISMA. Com a correcao, os quatro registros da subarea de realimentacao automatizada para ensino de modelagem (753, 765, 771 e 784, todos Scopus) recebem desfecho uniforme B3_E8. Verificados os demais E6 ja gravados: 678_IEEE (o LLM anota o contrato, nao avalia o diagrama), 740_SCOPUS (nao ha LLM algum no metodo), 754_SCOPUS (a IA generativa e perspectiva futura, nao componente), 790_SCOPUS e 960_SCOPUS (o LLM e componente do sistema projetado) e 915_SCOPUS (os autores contrapoem-se expressamente aos LLMs) — em nenhum deles o LLM avalia ou explica diagrama, de modo que o E6 permanece correto.",protocol/screening_manual_v1.md
758_SCOPUS;759_SCOPUS;760_SCOPUS;761_SCOPUS;762_SCOPUS;763_SCOPUS;765_SCOPUS;768_SCOPUS;769_SCOPUS;770_SCOPUS;771_SCOPUS;772_SCOPUS;773_SCOPUS;774_SCOPUS;775_SCOPUS;778_SCOPUS;781_SCOPUS;784_SCOPUS;788_SCOPUS;789_SCOPUS;790_SCOPUS;791_SCOPUS;794_SCOPUS;795_SCOPUS,2026-08-16 13:38:11,HB,DECISAO_GATE,B,,,"Segundo lote de leitura individual dos registros que mencionam UML no titulo ou no resumo: 24 registros triados. Desfechos: 10 RETIDOS, 6 E7 em B1, 2 E6 em B2, 1 E7 em B3, 3 E8 em B3 e 2 E9 em B4. Candidatos centrais do lote: 789_SCOPUS (geracao de diagramas de objetos e de sequencia com avaliacao multimodal por tres VLMs, validada contra 155 especialistas humanos), 791_SCOPUS (SysML em arquivos .uml do Papyrus, com Graph Edit Distance e robustez a ruido, comparando pipeline por LLM e pipeline por regras), 773_SCOPUS (qualidade de diagramas de classes gerados por IA e o objeto declarado no titulo), 760_SCOPUS (ferramenta AUG, com avaliacao de qualidade como componente arquitetural). Tres achados metodologicos. (1) Emerge um agrupamento tematico nitido de realimentacao automatizada para ensino de modelagem UML — 753, 765, 771 e 784 — que sai integralmente por E8 em B3, porque o diagrama e do estudante e o LLM apenas o avalia. (2) 758_SCOPUS gera restricoes OCL a partir de especificacoes em linguagem natural, com validade sintatica e acuracia de execucao medidas; junto com 518_IEEE, impoe QUESTAO DE PROTOCOLO a fixar antes da extracao: restricao OCL conta como conteudo UML para efeito do I5? A OCL e norma da OMG companheira da UML e anexa-se a elementos do modelo, mas nao e diagrama e nao consta da tabela da secao 4.1. Ambos ficam retidos com INCERTO_SAIDA. (3) Duas armadilhas lexicais novas: 759_SCOPUS usa PlantUML para desenhar ARVORE DE FALHAS, notacao nao-UML, confirmando que a palavra-chave PlantUML nao e por si sinal de candidatura (l. 174 do protocolo); e 781_SCOPUS emprega ""Hypothetical Component Diagram"" em acepcao de neurociencia computacional, alheia ao diagrama de componentes da UML. Registre-se ainda 772_SCOPUS, em que a UML aparece apenas na descricao de TRABALHO ANTERIOR alheio, padrao de falso positivo ainda nao documentado.",protocol/screening_manual_v1.md; protocol/screening_flow_v1.puml
796_SCOPUS;797_SCOPUS;798_SCOPUS;799_SCOPUS;801_SCOPUS;802_SCOPUS;803_SCOPUS;804_SCOPUS;806_SCOPUS;807_SCOPUS;809_SCOPUS;810_SCOPUS;811_SCOPUS;812_SCOPUS;813_SCOPUS;814_SCOPUS;815_SCOPUS;817_SCOPUS;818_SCOPUS;819_SCOPUS;820_SCOPUS;821_SCOPUS;823_SCOPUS;825_SCOPUS,2026-08-16 13:45:48,HB,DECISAO_GATE,B,,,"Terceiro lote de leitura individual dos registros que mencionam UML no titulo ou no resumo: 24 registros triados, indices 48 a 71 da lista. Desfechos: 14 RETIDOS, 1 E7 em B1, 4 E6 em B2, 2 E7 em B3, 1 E8 em B3 e 2 E9 em B4. Lote de rendimento muito superior aos anteriores, por concentrar a faixa 796-825 do Scopus, tematicamente proxima do objeto da revisao. Candidatos centrais: 803_SCOPUS (geracao de diagramas de sequencia com avaliacao de tres LLMs em multiplos dominios), 809_SCOPUS (que alem de avaliar PROPOE metrica ponderada automatica sobre PlantUML gerado, sobre conjunto estratificado por dificuldade), 811_SCOPUS (correcao estrutural e semantica de diagramas de atividade por LLMs ajustados por instrucao) e 823_SCOPUS (comparacao de quatro LLMs contra gabarito humano). Quatro achados metodologicos. (1) Consolida-se um PADRAO ESTRUTURAL novo, o do pipeline texto -> UML -> codigo (796, 806, 810), em que o entregavel final e codigo mas a UML e produzida pelo proprio LLM a partir de texto: NAO e E7 em B3, porque o E7 de B3 pressupoe UML na ENTRADA; a celula correta da matriz da secao 4.3 e requisitos -> LLM -> UML, e os tres ficam retidos. (2) A questao SysML foi decidida em 812_SCOPUS pela via da v1: o resumo nomeia diagrama de maquina de estados, tipo reusado do metamodelo UML, e usa ""block definition diagram"", vocabulario da v1 substituido por ""part definition"" na v2; ja 825_SCOPUS, que nao nomeia tipo algum, fica em INCERTO_SAIDA. (3) 819_SCOPUS e a exclusao mais onerosa do lote e fica nomeada para eventual recuperacao: gera diagramas de classes e de atividade por LLM e mede fidelidade estrutural, mas a fonte que o diagrama formaliza e a PERCEPCAO VISUAL do ambiente, entrada de imagem, hipotese que a delimitacao de escopo de 2026-08-16 exclui por E9. (4) Duas armadilhas lexicais confirmadas: 804_SCOPUS reune ChatGPT, diagrama de classes e diagrama de casos de uso nas palavras-chave, mas o ChatGPT e o SISTEMA MODELADO e nao o modelador, mesmo padrao de 768_SCOPUS; e 813_SCOPUS abre uma questao de fronteira do I2, pois seus transformadores Seq2Seq e Seq2AST sao expressamente CONTRAPOSTOS aos ""general-purpose large language models"" usados como linha de base — retido com INCERTO_PAPEL_LLM pela regra de ouro 1. Registre-se ainda que 807_SCOPUS e o quinto membro do agrupamento de realimentacao automatizada para ensino de modelagem UML (753, 765, 771, 784), todos com desfecho uniforme B3_E8.",protocol/screening_manual_v1.md; protocol/screening_flow_v1.puml
828_SCOPUS;829_SCOPUS;830_SCOPUS;833_SCOPUS;837_SCOPUS;838_SCOPUS;839_SCOPUS;840_SCOPUS;841_SCOPUS;842_SCOPUS;843_SCOPUS;844_SCOPUS;845_SCOPUS;848_SCOPUS;849_SCOPUS;852_SCOPUS;853_SCOPUS;854_SCOPUS;856_SCOPUS;857_SCOPUS;858_SCOPUS;859_SCOPUS;861_SCOPUS;863_SCOPUS,2026-08-16 13:53:49,HB,DECISAO_GATE,B,,,"Quarto lote de leitura individual dos registros que mencionam UML no titulo ou no resumo: 24 registros triados, indices 72 a 95 da lista. Desfechos: 13 RETIDOS, 1 E7 em B1, 2 E6 em B2, 3 E7 em B3, 4 E8 em B3 e 1 E9 em B4. Candidatos centrais: 859_SCOPUS (LADEX, diagramas de atividade com laco de critica e refinamento, correcao estrutural e alinhamento semantico como construtos nomeados, alem de casador automatico de diagramas — contribui com INSTRUMENTO, como 809_SCOPUS), 848_SCOPUS (diagramas de componentes e de implantacao com avaliacao multimodal, tipos sub-representados no corpus), 829_SCOPUS (metrica de validade REPORTADA POR TIPO DE DIAGRAMA, permitindo extracao separada para sequencia e classes), 858_SCOPUS e 837_SCOPUS (este com experimento controlado, grupo de controle, oraculo cego e metrica de Pontos de Caso de Uso, a evidencia empirica mais robusta encontrada ate aqui). Cinco achados metodologicos. (1) O agrupamento de AVALIACAO AUTOMATIZADA POR LLM ja soma oito registros, todos B3_E8 — 753, 765, 771, 784, 807, 830, 838 e 861 —, e consolida-se como subarea ativa e adjacente, a ser nomeada no relato de metodo. (2) O eixo que separa esse agrupamento dos retidos e sempre o mesmo: quem produz e quem avalia. Em 840_SCOPUS e 858_SCOPUS ha contexto educacional identico, mas e o LLM que GERA e sao os autores que avaliam, e por isso retem. (3) Duas exclusoes onerosas ficam NOMEADAS para eventual recuperacao, por construirem instrumentos de medicao de qualidade sobre UML: 839_SCOPUS (MCeT, primeira ferramenta totalmente automatica de avaliacao de correcao de diagramas de sequencia contra o texto de requisitos, precisao de 0,58 para 0,81, motivada expressamente pela crescente geracao por LLM) e 838_SCOPUS (acuracia de LLM multimodal como avaliador contra gabarito humano). Saem por E8 porque a UML avaliada nao e gerada por LLM, mas interessam a discussao sobre LLM-como-juiz. (4) 841_SCOPUS e DECISAO DE FRONTEIRA expressamente sinalizada para o segundo revisor: compara BERT, RoBERTa, SpanBERT, XLNet, MiniLM e Electra na EXTRACAO de classes, atributos, metodos e relacoes de corpus ANOTADO. E o caso paradigmatico da RF-01, que arrola o uso como extrator entre os que levam a E6, reservando a excecao ao uso gerativo; cabe a objecao de que a extracao e semanticamente constitutiva, e por isso a decisao fica marcada. (5) Confirma-se em 839 e 859 a importancia da condicao restritiva do E8: em 839_SCOPUS a mencao a autoaperfeicoamento descreve uso futuro POR TERCEIROS, e a ferramenta apenas produz lista de problemas, ao passo que em 859_SCOPUS a critica integra laco que ALTERA o modelo, o que caracteriza reparo admitido pelo I3 e retem.",protocol/screening_manual_v1.md; protocol/screening_flow_v1.puml
864_SCOPUS;865_SCOPUS;866_SCOPUS;867_SCOPUS;868_SCOPUS;869_SCOPUS;870_SCOPUS;872_SCOPUS;874_SCOPUS;875_SCOPUS;876_SCOPUS;877_SCOPUS;878_SCOPUS;879_SCOPUS;880_SCOPUS;882_SCOPUS;884_SCOPUS;886_SCOPUS;887_SCOPUS;888_SCOPUS;891_SCOPUS;894_SCOPUS;895_SCOPUS;896_SCOPUS,2026-08-16 14:16:24,HB,DECISAO_GATE,B,,,"Quinto lote de leitura individual dos registros que mencionam UML no titulo ou no resumo: 24 registros triados, indices 96 a 119 da lista. Desfechos: 14 RETIDOS, 3 E7 em B1, 2 E6 em B2, 2 E7 em B3, 2 E8 em B3 e 1 E9 em B4. Candidatos centrais: 888_SCOPUS (avalia a qualidade de diagramas de classes do GPT-4 contra gabarito DUPLO, de especialistas e de ferramentas, com precisao, revocacao e F1, e relata variabilidade com intervalo numerico — e o registro que mais literalmente coincide com o objeto da revisao), 876_SCOPUS (UCD-LLM, com conjunto proprio ReqUCD60, linhas de base tradicionais e por LLM, estudos de ablacao e codigo publico) e 866_SCOPUS, 880_SCOPUS e 867_SCOPUS. Cinco achados. (1) A questao SysML consolidou-se: em 866_SCOPUS (diagrama de atividade, com ""block definition diagram"" da v1) e em 880_SCOPUS (diagrama de casos de uso e de sequencia), ambos com componente UML separavel e ambos retidos, confirmando o criterio ja aplicado em 812_SCOPUS. (2) Amplia-se a diversidade de DOMINIO entre os retidos, ate aqui concentrados em engenharia de software: 867_SCOPUS e projeto de sistemas de aeronaves e 880_SCOPUS e controle autonomo de trens, dominio critico de seguranca. (3) 867_SCOPUS traz FAMILIA NOVA DE EVIDENCIA DE QUALIDADE: em vez de comparar o artefato a um gabarito, trata a correcao como variavel aleatoria e estima a PROBABILIDADE DE RESULTADO CORRETO sob repeticao, atacando o nao determinismo do LLM. Merece registro proprio na taxonomia de metricas da sintese. (4) PUBLICACAO REDUNDANTE detectada: 884_SCOPUS (""Coding by Design: GPT-4 Empowers Agile Model Driven Development"", congresso, 2024) e 770_SCOPUS (""LLM as a Code Generator in Agile Model Driven Development"", capitulo Springer, 2026) relatam o MESMO estudo — mesmos autores, mesmo caso da frota de veiculos nao tripulados, mesmas restricoes OCL e FIPA, mesmos arcaboucos JADE e PADE, mesma conclusao sobre complexidade ciclomatica. Ambos ja saiam por B3_E7, de modo que o desfecho nao muda; submete-se a pesquisadora se convem preencher duplicate_group e duplicate_role. Ha ainda suspeita de FAMILIA de publicacoes fatiadas entre os RETIDOS 818, 848, 868, 869 e 877, que compartilham a sigla UMLCode, o pipeline de dois LLMs e a validacao multimodal por modelos de visao e linguagem, e que 877 confirma ao dizer ""extends OUR framework"" — a resolver na leitura integral, elegendo-se o relato mais completo. (5) 872_SCOPUS e o TERCEIRO registro travado pela questao de protocolo da OCL, ao lado de 758_SCOPUS e 518_IEEE, o que torna a fixacao dessa fronteira condicao previa da extracao. Registre-se por fim que 895_SCOPUS gera MAPAS CONCEITUAIS, notacao vizinha e nao UML, e sai por E7 em B1, engrossando o padrao de 759 (arvore de falhas) e 781 (diagrama de componentes em acepcao de neurociencia).",protocol/screening_manual_v1.md; protocol/screening_flow_v1.puml
879_SCOPUS,2026-08-16 14:16:24,HB,QUESTAO_PROTOCOLO,A,,,"QUESTAO SUBMETIDA A PESQUISADORA, nao decidida de oficio. 879_SCOPUS (""Towards standarized benchmarks of LLMs in software modeling tasks: a conceptual framework"") declara no proprio resumo ser um ""EXPERT VOICE"", que e coluna convidada de opiniao da revista Software and Systems Modeling. O criterio E1 do protocolo (l. 1239) abrange item que ""is not a complete scientific report, such as an editorial, preface, keynote, tutorial, slide deck, poster-only item..."", hipotese em que a exclusao caberia no PORTAO A, e nao no B. O registro foi triado no Portao A com PASSOU, e reverte-lo exigiria evento de revisao de decisao; por isso foi apenas RETIDO no Portao B, com CANDIDATO_E10. Argumento em sentido contrario: o texto propoe arcabouco conceitual de aferimento comparativo padronizado para avaliar a qualidade de modelos gerados por LLM, isto e, toca o nucleo tematico desta revisao, e ainda que excluido merece citacao na discussao metodologica. Decisao pendente.",protocol/appendix_two_layer_mapping_protocol_v1_7.tex l. 1239
898_SCOPUS;901_SCOPUS;904_SCOPUS;905_SCOPUS;906_SCOPUS;907_SCOPUS;909_SCOPUS;910_SCOPUS;911_SCOPUS;912_SCOPUS;913_SCOPUS;914_SCOPUS;917_SCOPUS;918_SCOPUS;921_SCOPUS;922_SCOPUS;923_SCOPUS;924_SCOPUS;925_SCOPUS;926_SCOPUS;927_SCOPUS;930_SCOPUS;931_SCOPUS;933_SCOPUS,2026-08-16 14:24:12,HB,DECISAO_GATE,B,,,"Sexto lote da triagem do Portao B sobre os registros que mencionam UML em titulo ou resumo (indices 120 a 143 da ordem de leitura). 24 registros decididos: 14 retidos, 3 B1_E7, 3 B2_E6, 2 B3_E7, 2 B4_E9. Nenhum B3_E8 neste lote. Padroes consolidados: (a) notacao adjacente gerada por LLM e medida com vocabulario de qualidade mas fora do metamodelo UML sai em B1 — Event Storming (905) junta-se a arvore de falhas (759), diagrama de componentes de neurociencia (781) e mapas conceituais (895); (b) engenharia reversa por LLM com UML como produto sai em B4 — 921 (codigo C++ para diagrama de componentes e maquina de estados) e 930 (transformacao bidirecional codigo-diagrama), ambos nomeados para recuperacao sem re-triagem junto de 865; (c) RF-01 aplicada de novo a NER e a pipeline simbolico — 911 (corpus IOB para treinar NER) e 901 (POS tagging, NLTK e gramatica de estrutura sintagmatica, com LLM apenas na motivacao) saem em B2, alinhados a 841 e contrastados com 933, cujo agente de parsing e generativo. Agrupamento novo de co-producao humano-LLM: 907, 922 e 924 medem qualidade de modelo produzido em conjunto por estudante ou engenheiro e LLM. Todos retidos com INCERTO_PAPEL_LLM. 924 e o mais forte por ter braco de controle sem LLM e rubrica de cinco dimensoes. Distinguem-se do agrupamento B3_E8 de retorno formativo porque ali o LLM avalia UML de terceiro e aqui ele ajuda a produzir. Questoes de protocolo pendentes ganharam registros: 914 e o quarto caso de OCL (com 758, 518 e 872) e o mais extremo, pois a OCL gerada nem sequer esta ancorada em modelo UML; 923 e o terceiro caso de descricao textual de caso de uso (com 871 e 837). Ambos retidos pela regra de ouro 1. Registros de nucleo identificados para a extracao: 925 (NOMAD, primeira taxonomia sistematica de erros em UML gerada por LLM), 898 (corretude sintatica, semantica e pragmatica com solucao de referencia), 924 (grupo de controle e rubrica multidimensional), 933, 926, 912 e 913.",protocol/screening_manual_v1.md; protocol/screening_flow_v1.puml
934_SCOPUS;935_SCOPUS;937_SCOPUS;939_SCOPUS;940_SCOPUS;941_SCOPUS;942_SCOPUS;943_SCOPUS;944_SCOPUS;945_SCOPUS;947_SCOPUS;948_SCOPUS;949_SCOPUS;950_SCOPUS;951_SCOPUS;952_SCOPUS;954_SCOPUS;955_SCOPUS;956_SCOPUS;958_SCOPUS;959_SCOPUS;961_SCOPUS;962_SCOPUS;963_SCOPUS,2026-08-16 14:29:09,HB,DECISAO_GATE,B,,,"Setimo lote da triagem do Portao B sobre os registros que mencionam UML em titulo ou resumo (indices 144 a 167 da ordem de leitura). 24 registros decididos: 12 retidos, 6 B1_E7, 1 B2_E6, 4 B3_E8, 1 B4_E9. Padrao ""texto -> UML -> codigo"" confirmado em mais dois registros, 934 (StructGen) e 952 (Xd-CodeGen), ambos retidos com CANDIDATO_E10: o diagrama e gerado pelo LLM a partir dos requisitos e serve de guia para o codigo, mas a qualidade medida e a do codigo. Junta-se a 796, 806, 810, 828 e 870. Notacao adjacente sai em B1: 947 (diagrama Entidade-Relacionamento e esquema relacional em PlantUML) e 955 (fluxograma generico a partir de imagem), somando-se a 759, 781, 895 e 905. UML como ilustracao da arquitetura do proprio artigo reaparece em 954, mesmo padrao de 843. Agrupamento de avaliacao automatizada por LLM chega a 13 registros com 940, 941, 950 e 961, todos B3_E8. 950 e variante nova: sumarizacao multimodal de diagramas UML e EMF, isto e, o LLM explica o diagrama em vez de o pontuar; a linha 282 do manual cobre o caso. ALERTA DE REDUNDANCIA: 963 declara literalmente ""This paper extends our framework"" e usa a mesma arquitetura de dois modelos (LLaMA 3.2 1B-Instruct mais DeepSeek-R1-Distill-Qwen-32B) e a mesma validacao por tres modelos de visao com agregacao ponderada por MMMU de 945, mudando apenas o tipo de diagrama e o tamanho do dataset. A familia sob suspeita de fatiamento passa a ter sete membros retidos: 818, 848, 868, 869, 877, 945 e 963. A eleicao do relato mais completo e tarefa da fase de texto completo. Registros de nucleo identificados: 949 (QuaRUM, F1 de 0,85 a 0,98, kappa de 0,92 acima da concordancia humana e analise de omissoes de analistas), 956 (caracterizacao formal do diagrama de componentes para derivar metricas quantitativas contra gabarito de especialista), 939, 942, 948 e 958. 951 e retido pela regra de ouro 1 com INCERTO_PAPEL_LLM: o resumo diz apenas ""deep learning-based"" e cita AIGC, sem permitir decidir se ha LLM na acepcao de I2.",protocol/screening_manual_v1.md; protocol/screening_flow_v1.puml
964_SCOPUS;965_SCOPUS;966_SCOPUS;968_SCOPUS;970_SCOPUS;971_SCOPUS;972_SCOPUS;974_SCOPUS;975_SCOPUS;976_SCOPUS;978_SCOPUS;981_SCOPUS;982_SCOPUS;983_SCOPUS;984_SCOPUS;985_SCOPUS;986_SCOPUS,2026-08-16 14:34:09,HB,DECISAO_GATE,B,,,"Oitavo e ultimo lote da triagem do Portao B sobre os registros que mencionam UML em titulo ou resumo (indices 168 a 184 da ordem de leitura). 17 registros decididos: 8 retidos, 3 B1_E7, 3 B3_E7, 1 B3_E8, 2 B4_E9. Encerra-se com isto a leitura da lista ordenada de 185 registros com mencao a UML. Padroes confirmados: (a) UML na entrada com codigo como produto sai em B3_E7 (966 UML2Dep, 968 UML-para-Java com CodeLlama, 984 comparacao LLM contra geradores CGBE), e a distincao em relacao a 934 e 952 e que naqueles o diagrama e sintetizado pelo proprio LLM a partir dos requisitos; (b) UML como ilustracao do proprio artigo sai em B1_E7 (964), somando-se a 843 e 954; (c) mencao de UML em enumeracao de artefatos de processo tambem sai em B1_E7 (981); (d) transformacao modelo-para-modelo e engenharia reversa saem em B4_E9 (971 NetLogo para diagrama de sequencia, 982 transformacao por exemplo com RDBMS-to-UML, UML-to-Java e SysML-to-AAS). Decisao de fronteira registrada para o segundo revisor em 974: o produto declarado e metamodelo Ecore e a PlantUML entra so como visualizacao intermediaria para retorno humano; excluido em B1_E7, mas quem entenda a renderizacao PlantUML como conteudo UML chegaria a retencao com INCERTO_SAIDA. O agrupamento de descricao textual de caso de uso chega a quatro registros (871, 837, 923, 975) e permanece dependente da questao de protocolo pendente. 965 recebe INCERTO_ENTRADA por desenho de ida e volta: o texto que alimenta o decodificador pode ser derivado de um modelo preexistente. Registros de nucleo identificados: 983 (comparacao de LLMs abertos e fechados por tecnica de prompting com avaliacao automatizada e artefatos publicos), 976 (relato seminal sobre deficiencias sintaticas e semanticas do ChatGPT em modelagem), 970 (comparacao contra extracao humana guiada e nao guiada) e 985.",protocol/screening_manual_v1.md; protocol/screening_flow_v1.puml
518_IEEE;758_SCOPUS;872_SCOPUS;914_SCOPUS,2026-08-16 14:56:00,HB,INTERPRETACAO_PROTOCOLO,B,,,"REVISAO DE DECISAO em 2026-08-16 14:56:00. REGRA FIXADA PELA PESQUISADORA: OCL sozinho nao satisfaz I5. OCL e linguagem formal de restricoes associada a modelos UML, mas nao e, por si so, conteudo de diagrama UML. Operacionalizacao: (a) OCL acompanhada de diagrama UML separavel PODE satisfazer I5; (b) OCL sozinha, sem diagrama UML gerado, NAO satisfaz I5; (c) OCL usada apenas como validacao ou verificacao de restricoes NAO satisfaz I5 sozinha. Consequencia: estudo que gera diagrama de classes mais invariantes OCL entra; estudo que gera apenas restricoes OCL a partir de requisitos sai por E7, porque o produto principal nao e conteudo de diagrama UML separavel. Aplicacao ao corpus: verificados todos os 149 registros retidos quanto a mencao de OCL em titulo, resumo ou palavras-chave. Cinco registros mencionam OCL. Quatro caem na hipotese (b) ou (c) e sao excluidos por E7: 518_IEEE e 914_SCOPUS em B1 (nao ha UML em nenhuma ponta) e 758_SCOPUS e 872_SCOPUS em B3 (ha modelo UML na entrada, alimentando o prompt, mas o produto e OCL). O quinto, 903_SCOPUS, PERMANECE RETIDO: ali a OCL e usada apenas para analise de seguranca em tempo de projeto, hipotese (c), mas ha diagrama de atividade UML gerado como componente separavel, hipotese (a). Encerra-se a primeira das questoes de protocolo pendentes.",decisao da pesquisadora; protocol/screening_manual_v1.md
837_SCOPUS;871_SCOPUS;923_SCOPUS;975_SCOPUS,2026-08-16 14:56:00,HB,INTERPRETACAO_PROTOCOLO,B,,,"REGRA FIXADA PELA PESQUISADORA em 2026-08-16 14:56:00: descricao textual de caso de uso conta como ENTRADA textual e satisfaz I4 quando funciona como fonte substantiva para gerar a UML. Contam como especificacao textual: use case narrative, textual use case description, fluxo principal e fluxos alternativos, descricao de interacao ator-sistema e descricao de cenario. Ressalva: ""use case"" no sentido generico de caso de aplicacao nao e requisito nem diagrama de casos de uso. Aplicacao ao corpus: a regra resolve o lado da ENTRADA e confirma que nenhum dos quatro registros do agrupamento sai por E9 em B4, pois todos partem de especificacao de requisitos ou de descricao textual de caso de uso, que a pesquisadora admite como fonte textual substantiva. PERMANECE ABERTO o lado da SAIDA, que e o que motivou a flag INCERTO_SAIDA nos quatro: nos quatro casos o produto do LLM e a descricao textual de caso de uso, nao um diagrama de casos de uso. Questao submetida a pesquisadora, sem alteracao de desfecho por ora, pela regra de ouro 1.",decisao da pesquisadora; protocol/screening_manual_v1.md
879_SCOPUS,2026-08-16 14:56:00,HB,REVISAO_DECISAO,A,,,"Decisao da pesquisadora sobre a questao levantada na triagem do Portao B: ""Expert Voice"" da SoSyM tende a ser E1. O registro passa de PASSOU para A2_E1 no Portao A, com excluded=true e exclusion_criteria=E1. Desfecho do Portao B (PASSOU) e flags do Portao C (EVIDENCIA=A_VERIFICAR;CANDIDATO_E10) sao apagados por o registro parar antes. A analise original permanece no evento de triagem deste registro e nos backups datados.",decisao da pesquisadora; protocol/appendix_two_layer_mapping_protocol_v1_7.tex l.1239
770_SCOPUS;884_SCOPUS,2026-08-16 14:56:00,HB,REVISAO_DECISAO,B,,,"Decisao da pesquisadora: os estudos NAO sao duplicados. A suspeita de publicacao redundante levantada na triagem fica sem efeito; duplicate_group e duplicate_role permanecem vazios e os dois registros seguem independentes, ambos excluidos por B3_E7. Registrada correcao nas notas dos dois registros. Observacao: esta decisao NAO alcanca a familia sob suspeita de fatiamento entre os RETIDOS (818, 848, 868, 869, 877, 945, 963), que continua em aberto para a fase de texto completo.",decisao da pesquisadora
974_SCOPUS,2026-08-16 14:56:00,HB,REVISAO_DECISAO,B,,,"Decisao de fronteira submetida a pesquisadora e CONFIRMADA por ela: 974_SCOPUS permanece excluido em B1_E7. O artefato declarado e metamodelo Ecore e a PlantUML entra apenas como visualizacao do passo intermediario para retorno de especialistas humanos, nao como produto. Sem alteracao no CSV.",decisao da pesquisadora
837_SCOPUS;871_SCOPUS;923_SCOPUS;975_SCOPUS,2026-08-16 14:59:54,HB,REVISAO_DECISAO,B,,,"Aplicacao da regra de saida fixada pela pesquisadora para descricao textual de caso de uso, por extensao explicita da regra do OCL registrada no mesmo dia. A pesquisadora ja havia decidido que a descricao textual de caso de uso conta como ENTRADA e satisfaz I4 quando e fonte substantiva para gerar a UML; permanecia aberto o lado da SAIDA, motivo pelo qual estes quatro registros carregavam a flag INCERTO_SAIDA e haviam sido retidos pela regra de ouro 1. Consultada sobre a assimetria, a pesquisadora determinou que o mesmo criterio do OCL se aplica: quando o produto principal do LLM e a especificacao textual e nao conteudo de diagrama UML separavel, o registro sai por E7. Os quatro sao reclassificados de PASSOU para B1_E7 e os campos do Portao C sao esvaziados, por o Portao C so se aplicar a registros retidos. Ficam nomeados aqui para recuperacao sem re-triagem caso o I5 seja emendado: 837 (ECHO, melhoria de qualidade de casos de uso em linguagem natural), 871 (UCGen, geracao de descricoes textuais a partir de especificacao de requisitos), 923 (refinamento test-driven de especificacoes textuais), 975 (geracao de UCSs com validacao de consistencia contra diagramas de atividade e maquina de estados preexistentes). O 975 e o de reversao mais provavel, por nomear tipos de diagrama UML; a leitura do texto completo deve confirmar se esses diagramas sao apenas referencial de validacao, como o resumo indica, ou tambem produto do LLM. A decisao foi tomada com ciencia do custo: 837, 871 e 923 traziam vocabulario de qualidade explicito.",protocol/screening_manual_v1.md; protocol/screening_flow_v1.puml; protocol/appendix_two_layer_mapping_protocol_v1_7.tex l.1245 (E7)
137_ACM;185_ACM;230_ACM;265_ACM;288_ACM;295_ACM;345_ACM;351_ACM;357_ACM;378_ACM;379_ACM;382_ACM;384_ACM;385_ACM;391_ACM;392_ACM;393_ACM;394_ACM;395_ACM;398_ACM;400_ACM;402_ACM;404_ACM;405_ACM;407_ACM;408_ACM;412_ACM;413_ACM;414_ACM;415_ACM;416_ACM;417_ACM;419_ACM;421_ACM;424_ACM;426_ACM;428_ACM;429_ACM;430_ACM;432_ACM;433_ACM;434_ACM;435_ACM;436_ACM;438_ACM;440_ACM;441_ACM;443_ACM;445_ACM;446_ACM;554_IEEE;612_IEEE,2026-08-16 14:59:54,HB,CORRECAO,C,,,"Correcao de dado, sem efeito sobre nenhum desfecho de triagem. Foram encontrados 52 registros ja excluidos que ainda carregavam gate_c_flags igual a INCERTO_SAIDA, com revisor e data preenchidos e campo de notas vazio. A inspecao mostrou que essas marcas vieram de uma varredura lexical de rastreio de saida anterior a triagem do Portao B, e nao de decisoes do Portao C: 48 dos registros foram depois excluidos por E6, 3 por E8 e 1 por E7, e o bloco contiguo 378_ACM a 446_ACM evidencia a origem em varredura. Como o Portao C so se aplica a registros retidos e suas flags nunca excluem, a permanencia dessas marcas em registros excluidos nao tinha funcao e distorcia a contagem de flags do corpus retido. Os quatro campos gate_c foram esvaziados nesses 52 registros. Os desfechos dos Portoes A e B, os criterios de exclusao e as notas de decisao permanecem intactos, e o backup anterior a operacao esta em backups/. Registros afetados: 137_ACM;185_ACM;230_ACM;265_ACM;288_ACM;295_ACM;345_ACM;351_ACM;357_ACM;378_ACM;379_ACM;382_ACM;384_ACM;385_ACM;391_ACM;392_ACM;393_ACM;394_ACM;395_ACM;398_ACM;400_ACM;402_ACM;404_ACM;405_ACM;407_ACM;408_ACM;412_ACM;413_ACM;414_ACM;415_ACM;416_ACM;417_ACM;419_ACM;421_ACM;424_ACM;426_ACM;428_ACM;429_ACM;430_ACM;432_ACM;433_ACM;434_ACM;435_ACM;436_ACM;438_ACM;440_ACM;441_ACM;443_ACM;445_ACM;446_ACM;554_IEEE;612_IEEE.",protocol/screening_manual_v1.md
